,Memory CD4 T cell,Naive CD8 T cell,Naive CD4 T cell,CD16 NK cell,GZMK CD8 T cell,Memory B cell,CD16 monocyte,PreB cell,MHCII low CD14 monocyte,GZMB CD8 T cell,Tissue-resident NK cell,Treg cell,MHCII high CD14 monocyte,Naive B cell,MAIT cell,CD56 NK cell,Myelocyte,pDC,Cycling preB cell,S100A+ preNeutrophil,Megakaryocyte progenitor,Cycling proB cell,Plasma cell,Cycling S100A+ preNeutrophil,Cycling T/NK cell,Early SOX4+ erythroblast,Gamma delta T cell,Hematopoietic stem cell,cDC2,Megakaryocyte,INF-activated T cell,Intermediate EPCAM+ erythroblast,ILC,Fetal HBG+ erythrocyte,Fibroblast,Mesenchymal stromal cell,Megakaryocyteâ€“erythroid progenitor,Late hemoglobin+ erythroblast,ProB cell,Promyelocyte,Cycling cDC2,Common myeloid progenitor,Myeloid pre-pDC,Granulocyte-monocyte progenitor,Common lymphoid progenitor,Red blood cell,Lymphoid pre-pDC,Macrophage,cDC1,Mast cell,Multipotent progenitor,Common dendritic progenitor,Osteoclast,Metamyelocyte/Band neutrophil
e78ff499-037b-450a-ac04-6fb3a9e124a4,0.0,0.0,0.0,0.0,0.0,0.0,0.0,0.0,0.0,0.0,0.0,0.0,0.0,0.21523375840022976,0.0,0.0,0.0,0.0,0.0,0.0,0.0,0.0,0.0,0.0,0.0,0.0,0.0,0.0,0.0,0.0,0.0,0.0,0.0,0.08735847655947072,0.0,0.0,0.0,0.0,0.06539076784843978,0.1873490974881374,0.0,0.0,0.0,0.0,0.0635077902970822,0.0,0.0,0.0,0.0,0.0,0.0,0.0,0.0,0.3811601094066401
c1f908ce-f6d5-4557-a4bf-956b71b8bf61,0.0,0.0,0.0,0.0,0.05163355758654526,0.0,0.0,0.0,0.00018877638879140308,0.0,0.10134954922044505,0.0,0.3152559364854621,0.06172717620905256,0.0,0.0,0.0,0.0,0.0,0.0,0.0,0.0,0.0,0.0,0.0,0.0,0.0,0.0,0.0,0.0,0.0,0.0,0.0,0.06399213439621164,0.0,0.0,0.0,0.0,0.0,0.0,0.0,0.0,0.0,0.0,0.0,0.0,0.0,0.0,0.0,0.005656275617261742,0.0,0.0,0.0,0.40019659409623015
92c7e4d6-eb53-46c5-9721-5edccd60bcc9,0.0,0.0,0.0,0.0,0.0,0.0,0.0,0.0,0.0,0.0,0.0,0.0,0.0,0.2772001547098336,0.0,0.0,0.0,0.0,0.0,0.0,0.0,0.0,0.0,0.0,0.0,0.0,0.0,0.0,0.0,0.0,0.0,0.0,0.0,0.0913903136825066,0.0,0.0,0.0,0.0,0.0,0.15301612325146416,0.0,0.0,0.0,0.0,0.0,0.0,0.0,0.0,0.0,0.0,0.0,0.0,0.0,0.47839340835619565
eb14339d-fefa-46c3-99a6-55268384361a,0.0,0.0,0.0,0.0,0.024507740748112742,0.0,0.0,0.0,0.0,0.0,0.0,0.0,0.0,0.4317949997579032,0.0,0.0,0.0,0.0,0.0,0.0,0.0,0.0,0.0,0.0,0.0,0.0,0.0,0.0,0.0,0.0,0.0,0.0,0.0,0.23328966654588068,0.0,0.0,0.0,0.0,0.0,0.0,0.0,0.0,0.0,0.0,0.0,0.0,0.0,0.0,0.0,0.08759682839861764,0.0,0.0,0.0,0.2228107645494858
9f0a0548-e8b4-4c44-94e7-9d5e793e5601,0.0,0.0,0.0,0.0,0.10117271563194928,0.0,0.0,0.0,0.0,0.0,0.0,0.0,0.0,0.3493976509670008,0.0,0.0,0.0,0.0,0.0,0.0,0.0,0.0,0.0,0.0,0.0,0.0,0.0,0.0,0.0,0.0,0.0,0.0,0.0,0.16946905571561985,0.0,0.0,0.0,0.0,0.0,0.0,0.0,0.0,0.0,0.0,0.0,0.0,0.0,0.0,0.0,0.0,0.0,0.0,0.0,0.3799605776854299
a086aba1-0df5-497b-85e7-bc84aac1acec,0.0,0.0,0.0,0.0,0.02514368349046996,0.0,0.0,0.0,0.0,0.0,0.0622019102420551,0.0,0.0,0.35500330449048856,0.0,0.0,0.0,0.0,0.0,0.0,0.0,0.0,0.0,0.0,0.0,0.0,0.0,0.0,0.0,0.0,0.0,0.0,0.0,0.15585554186752115,0.0,0.0,0.0,0.0,0.0,0.0,0.0,0.0,0.0,0.0,0.0,0.0,0.0,0.0,0.0,0.08697765739633762,0.0,0.0,0.0,0.31481790251312763
69da7e4d-57d3-40d6-92af-3cd1aaf9e0ec,0.0,0.0,0.0,0.0,0.0,0.0,0.0,0.0,0.0,0.0,0.0,0.0,0.46343509157413526,0.0,0.0,0.0,0.0,0.0,0.0,0.0,0.0,0.0,0.0,0.0,0.0,0.0,0.0,0.0,0.0,0.0,0.0,0.0,0.0,0.07499992639936884,0.0,0.0,0.0,0.0,0.0,0.0,0.0,0.0,0.0,0.0,0.0,0.0,0.0,0.0,0.0,0.0,0.0,0.0,0.0,0.4615649820264959
ada38f3e-8020-4394-9e7c-50d06dd04769,0.0,0.0,0.0,0.0,0.0,0.0,0.0,0.0,0.2098095763657512,0.0,0.0,0.0,0.41576697369379584,0.04591670207217808,0.0,0.0,0.0,0.0,0.0,0.0,0.0,0.0,0.0,0.0,0.0,0.0,0.0,0.0,0.0,0.0,0.0,0.0,0.0,0.05786001893506855,0.0,0.0,0.0,0.0,0.12048529840130319,0.0,0.0,0.0,0.0,0.0,0.0,0.0,0.0,0.0,0.0,0.0,0.0,0.0,0.0,0.15016143053190326
a7a567fa-847e-49c6-b404-f2257e00b00d,0.0,0.0,0.0,0.0,0.0,0.0,0.0,0.0,0.0,0.0,0.0,0.0,0.28321935194075654,0.10771281109298868,0.0,0.0,0.0,0.0,0.0,0.0,0.0,0.0,0.0,0.0,0.0,0.0,0.0,0.0,0.0,0.0,0.0,0.0,0.0,0.095903948917644,0.0,0.0,0.0,0.0,0.0,0.0,0.0,0.0,0.0,0.0,0.0,0.0,0.0,0.0,0.0,0.0,0.0,0.0,0.0,0.5131638880486107
d1848a5f-053a-4db4-ab4e-c5eb311bc3a0,0.0,0.0,0.0,0.0,0.0,0.0,0.0,0.0,0.15256068163808237,0.0,0.0,0.0,0.546827639774173,0.01807712906422637,0.0,0.0,0.0,0.0,0.0,0.0,0.0,0.0,0.0,0.0,0.0,0.0,0.0,0.0,0.0,0.0,0.0,0.0,0.0,0.11398128205507255,0.0,0.0,0.0,0.0,0.0,0.0,0.0,0.0,0.0,0.0,0.0,0.0,0.0,0.0,0.0,0.0,0.0,0.0,0.0,0.16855326746844548
ebf4703c-7517-492f-8ea3-134e798ac820,0.0,0.0,0.0,0.0,0.0,0.0,0.0,0.0,0.0,0.0,0.0,0.0,0.43576831816598915,0.03159632018813818,0.0,0.0,0.0,0.0,0.0,0.0,0.0,0.0,0.0,0.0,0.0,0.0,0.0,0.0,0.0,0.0,0.0,0.0,0.0,0.09428228744860113,0.0,0.0,0.0,0.0,0.0,0.0,0.0,0.0,0.0,0.0,0.0,0.0,0.0,0.0,0.0,0.0,0.0,0.0,0.0,0.4383530741972715
8ff807a6-b63f-4a71-9ff3-b47ac91a0114,0.0,0.0,0.0,0.0,0.0,0.0,0.0,0.0,0.0,0.06212649704888931,0.0492274434376378,0.0,0.0,0.3389175830264303,0.0,0.0,0.0,0.0,0.0,0.0,0.0,0.0,0.0,0.0,0.0,0.0,0.0,0.019796599919516225,0.0,0.0,0.0,0.0,0.0,0.11326098838930458,0.0,0.0,0.0,0.0,0.0,0.0,0.0,0.0,0.0,0.0,0.0,0.0,0.0,0.0,0.0,0.019330141251200982,0.0,0.0,0.0,0.3973407469270207
dc7c0a9b-ef72-4188-a711-69dbf70c744c,0.0,0.0,0.0,0.0,0.049042024038184875,0.0,0.0,0.0,0.0,0.0,0.046042568363709686,0.0,0.02863869672523144,0.14435402270737271,0.0,0.0,0.0,0.0,0.0,0.0,0.0,0.0,0.0,0.0,0.0,0.0,0.0,0.033464155226029114,0.0,0.0,0.0,0.0,0.0,0.12586349380047504,0.0,0.0,0.0,0.0,0.0,0.0,0.0,0.0,0.0,0.0,0.0,0.0,0.0,0.0,0.0,0.0,0.0,0.0,0.0,0.5725950391389971
712dbdd5-c4e2-4b3c-9976-8f50234441b1,0.0,0.0,0.0,0.0,0.0,0.0,0.0,0.0,0.0,0.0,0.03809423987789287,0.0,0.0,0.3422204845751261,0.0,0.0,0.0,0.0,0.0,0.0,0.0,0.0,0.0,0.0,0.0,0.0,0.0,0.0,0.0,0.0,0.0,0.0,0.0,0.19562612550895692,0.0,0.0,0.0,0.0,0.0,0.0,0.0,0.0,0.0,0.0,0.0,0.0,0.0,0.0,0.0,0.0,0.0,0.0,0.0,0.42405915003802414
e591adad-8331-4198-94c4-d03ea01f70c5,0.0,0.0,0.0,0.0,0.07731757289489316,0.0,0.0,0.0,0.0,0.0,0.04333339544633193,0.0,0.0,0.3389462844999507,0.0,0.0,0.0,0.0,0.0,0.0,0.0,0.0,0.0,0.0,0.0,0.0,0.0,0.0,0.0,0.0,0.0,0.0,0.0,0.17487290699479252,0.0,0.0,0.0,0.0,0.0,0.0,0.0,0.0,0.0,0.0,0.0,0.0,0.0,0.0,0.0,0.0,0.0,0.0,0.0,0.3655298401640318
4cf1e489-dd24-4227-b306-4bc5266a224c,0.0,0.0,0.0,0.0,0.0,0.0,0.0,0.0,0.0,0.06972925326659048,0.0,0.0,0.0,0.3493789120627404,0.0,0.0,0.0,0.0,0.0,0.0,0.0,0.0,0.0,0.0,0.0,0.0,0.0,0.0,0.0,0.0,0.0,0.0,0.0,0.13377685205361411,0.0,0.0,0.0,0.0,0.0,0.0,0.0,0.0,0.0,0.0,0.0,0.0,0.0,0.0,0.0,0.0,0.0,0.0,0.0,0.44711498261705496
e54de1c4-6cdc-4106-ab5d-1d7c745e690f,0.0,0.0,0.0,0.0,0.0,0.0,0.0,0.0,0.0,0.0,0.02187992316711069,0.0,0.14198469853035642,0.032173607308404274,0.0,0.0,0.0,0.0,0.0,0.0,0.0,0.0,0.0,0.0,0.0,0.0,0.0,0.0,0.0,0.0,0.0,0.0,0.0,0.09936957515135594,0.0,0.0,0.0,0.0,0.0,0.0,0.0,0.0,0.0,0.0,0.0,0.0,0.0,0.0,0.0,0.0,0.0,0.0,0.0,0.7045921958427727
02634746-93b2-4cc4-9912-4a6d0bcd2e15,0.0,0.0,0.0,0.0,0.0,0.0,0.0,0.0,0.0,0.0,0.0,0.0,0.2084915369857081,0.23472063187550662,0.0,0.0,0.0,0.0,0.0,0.0,0.0,0.0,0.0,0.0,0.0,0.0,0.0,0.0,0.0,0.0,0.0,0.0,0.0,0.06742510891608082,0.0,0.0,0.0,0.0,0.0,0.007801585148438079,0.0,0.0,0.0,0.0,0.0,0.0,0.0,0.0,0.0,0.0,0.0,0.0,0.0,0.4815611370742664
21bd7197-2504-4710-8c13-a9da9f71b0d5,0.0,0.0,0.0,0.0,0.0,0.0,0.0,0.0,0.0,0.0,0.0,0.0,0.12117173426349581,0.34029647063520785,0.0,0.0,0.0,0.0,0.0,0.0,0.0,0.0,0.0,0.0,0.0,0.0,0.0,0.0,0.0,0.0,0.0,0.0,0.0,0.1278408270361007,0.0,0.0,0.0,0.0,0.0,0.0,0.0,0.0,0.0,0.0,0.0,0.0,0.0,0.0,0.0,0.0,0.0,0.0,0.0,0.4106909680651956
fc4ae4f8-f66b-4137-9821-e579b339cbf6,0.0,0.0,0.0,0.0,0.0,0.0,0.0,0.0,0.0,0.0,0.0,0.0,0.45035103835589746,0.06593974681737522,0.0,0.0,0.0,0.0,0.0,0.0,0.0,0.0,0.0,0.0,0.0,0.0,0.0,0.0,0.0,0.0,0.0,0.0,0.0,0.07798245972758516,0.0,0.0,0.0,0.0,0.0,0.0,0.0,0.0,0.0,0.0,0.0,0.0,0.0,0.0,0.0,0.0,0.0,0.0,0.0,0.40572675509914213
478f29b1-6604-4e75-a492-47c384799f44,0.0,0.0,0.0,0.0,0.0,0.0,0.0,0.0,0.0,0.0,0.055968392748354245,0.0,0.0319529525500908,0.4812847527824417,0.0,0.0,0.0,0.0,0.0,0.0,0.0,0.0,0.0,0.0,0.0,0.0,0.0,0.0,0.0,0.0,0.0,0.0,0.0,0.1256655501113325,0.0,0.0,0.0,0.0,0.0,0.0,0.0,0.0,0.0,0.0,0.0,0.0,0.0,0.0,0.0,0.0,0.0,0.0,0.0,0.30512835180778064
a05e93e6-ad8b-4893-b27d-c9cd329ad564,0.0,0.0,0.0,0.0,0.0,0.0,0.0,0.0,0.0,0.047985494473473396,0.0,0.0,0.0,0.0,0.0,0.0,0.0,0.0,0.0,0.0,0.0,0.0,0.0,0.0,0.0,0.0,0.0,0.0,0.0,0.0,0.0,0.0,0.0,0.07574612150616938,0.0,0.0,0.0,0.0,0.0,0.3246315788245934,0.0,0.0,0.0,0.0,0.0,0.0,0.0,0.0,0.0,0.0,0.0,0.0,0.0,0.5516368051957636
c0c52e79-813b-45a9-8021-343aaa6663f6,0.0,0.0,0.0,0.0,0.04998895902290927,0.0,0.0,0.0,0.0,0.0,0.039610687323951774,0.0,0.0,0.269618938661046,0.0,0.0,0.0,0.0,0.0,0.0,0.0,0.0,0.0,0.0,0.0,0.0,0.0,0.0,0.0,0.0,0.0,0.0,0.0,0.17363821637923615,0.0,0.0,0.0,0.0,0.0,0.0,0.0,0.0,0.0,0.0,0.0,0.0,0.0,0.0,0.0,0.0,0.0,0.0,0.0,0.4671431986128569
bb8cff3b-c3e6-4fc9-b9dd-9d04d76458c6,0.0,0.0,0.0,0.0,0.03175976607536426,0.0,0.0,0.0,0.0,0.0,0.0,0.0,0.0,0.2786890163008491,0.0,0.0,0.0,0.0,0.0,0.0,0.0,0.0,0.0,0.0,0.0,0.0,0.0,0.0,0.0,0.0,0.0,0.0,0.0,0.26277008889986847,0.0,0.0,0.0,0.0,0.0,0.0,0.0,0.0,0.0,0.0,0.0,0.0,0.0,0.0,0.0,0.0734242764223098,0.0,0.0,0.0,0.35335685230160835
865cda60-ec30-4562-b681-0e90737a97ca,0.0,0.0,0.0,0.0,0.12346477492532706,0.0,0.0,0.0,0.0,0.0022353453584030795,0.007756412240969902,0.0,0.0,0.24947163969324304,0.0,0.0,0.0,0.0,0.0,0.0,0.0,0.0,0.0,0.0,0.0,0.0,0.0,0.07962077655798262,0.0,0.0,0.0,0.0,0.0,0.09346502983310052,0.0,0.0,0.0,0.0,0.0,0.0,0.0,0.0,0.0,0.0,0.0,0.0,0.0,0.0,0.0,0.0,0.0,0.0,0.0,0.4439860213909738
7994d0a6-cef5-4391-a121-5a0853a34fa7,0.0,0.0,0.0,0.0,0.0,0.0,0.0,0.0,0.007554574464616921,0.0,0.0,0.0,0.5710476911535126,0.06181834369445234,0.0,0.0,0.0,0.0,0.0,0.0,0.0,0.0,0.0,0.0,0.0,0.0,0.0,0.0,0.0,0.0,0.0,0.0,0.0,0.0778447168332156,0.0,0.0,0.0,0.0,0.0,0.0,0.0,0.0,0.0,0.0,0.0,0.0,0.0,0.0,0.0,0.0,0.0,0.0,0.0,0.2817346738542026
669abe06-4971-4b44-96ab-3bdf48788054,0.0,0.0,0.0,0.0,0.0,0.0,0.0,0.0,0.0,0.0,0.09200398512005958,0.0,0.0995236160399857,0.24256741679431826,0.0,0.0,0.0,0.0,0.0,0.0,0.0,0.0,0.0,0.0,0.0,0.0,0.0,0.0,0.0,0.0,0.0,0.0,0.0,0.07374072654183773,0.0,0.0,0.0,0.0,0.0,0.0,0.0,0.0,0.0,0.0,0.0,0.0,0.0,0.0,0.0,0.0,0.0,0.0,0.0,0.4921642555037988
b147ea90-5643-4680-ac90-d6e8f7166792,0.0,0.0,0.0,0.0,0.027040746328554018,0.0,0.0,0.0,0.0,0.06552840189937018,0.04974991579526857,0.0,0.0,0.3482315858139553,0.0,0.0,0.0,0.0,0.0,0.0,0.0,0.0,0.0,0.0,0.0,0.0,0.0,0.0,0.0,0.005130596203914833,0.0,0.0,0.0,0.11525093274181629,0.0,0.0,0.0,0.0,0.0,0.0,0.0,0.0,0.0,0.0,0.0,0.0,0.0,0.0,0.0,0.0626093917243843,0.0,0.0,0.0,0.32645842949273646
15b2be7d-bd75-4236-b896-2ef25edd14b8,0.0,0.0,0.0,0.0,0.0563679841110559,0.0,0.0,0.0,0.0,0.0,0.0,0.0,0.0,0.3539754220849388,0.0,0.0,0.0,0.0,0.0,0.0,0.0,0.0,0.0,0.0,0.0,0.0,0.0,0.007967300689756698,0.0,0.0,0.0,0.0,0.0,0.1450362854528771,0.0,0.0,0.0,0.0,0.022481179426298535,0.0,0.0,0.0,0.0,0.0,0.0,0.0,0.0,0.0,0.0,0.13809258389284593,0.0,0.0,0.0,0.276079244342227
81769d23-74f4-4ca1-8fcf-3e03aa1bf3c9,0.0,0.0,0.0,0.0,0.06729049645302648,0.0,0.0,0.0,0.0,0.0,0.0,0.0,0.0,0.3394115125868721,0.0,0.0,0.0,0.0,0.0,0.0,0.0,0.0,0.0,0.0,0.0,0.0,0.0,0.0,0.0,0.0,0.0,0.0,0.0,0.14292920164916992,0.0,0.0,0.0,0.0,0.0,0.0,0.0,0.0,0.0,0.0,0.0,0.0,0.0,0.0,0.0,0.0020914533334477183,0.0,0.0,0.0,0.44827733597748387
f3a80377-1d76-4754-8018-45cf49937cb8,0.0,0.0,0.0,0.0,0.002397809458037071,0.0,0.0,0.0,0.0,0.0,0.003231438205583391,0.0,0.1050893019544994,0.5753155607584224,0.0,0.0,0.0,0.0,0.0,0.0,0.0,0.0,0.0,0.0,0.0,0.0,0.0,0.0,0.0,0.0,0.0,0.0,0.0,0.11536776783616745,0.0,0.0,0.0,0.0,0.0,0.0,0.0,0.0,0.0,0.0,0.0,0.0,0.0,0.0,0.0,0.0,0.0,0.0,0.0,0.19859812178729025
c9b92f8f-4599-47d1-9d12-31e42166a091,0.0,0.0,0.0,0.0,0.0,0.0,0.0,0.0,0.0,0.0,0.0,0.0,0.0,0.16892839730364195,0.0,0.0,0.0,0.0,0.0,0.0,0.0,0.0,0.0,0.0,0.0,0.0,0.0,0.0,0.0,0.0,0.0,0.0,0.0,0.13359313143711027,0.0,0.0,0.0,0.0,0.0,0.1932040260115371,0.0,0.0,0.0,0.0,0.0,0.0,0.0,0.0,0.0,0.0,0.0,0.0,0.0,0.5042744452477107
9dbd2ef7-77da-42ef-90d2-8d30b4330f94,0.0,0.0,0.0,0.0,0.0,0.0,0.0,0.0,0.0,0.03729146706359483,0.09744099225327142,0.0,0.2490948710804189,0.12670103920299972,0.0,0.0,0.0,0.0,0.0,0.0,0.0,0.0,0.0,0.0,0.0,0.0,0.0,0.0,0.0,0.0,0.0,0.0,0.0,0.11234114984350205,0.0,0.0,0.0,0.0,0.0,0.0,0.0,0.0,0.0,0.0,0.0,0.0,0.0,0.0,0.0,0.0,0.0,0.0,0.0,0.37713048055621323
233400c5-6a47-40e2-bf2a-8b7fc9df462b,0.0,0.0,0.0,0.0,0.06932679745961569,0.0,0.0,0.0,0.0,0.021008651125020275,0.012933223132816592,0.0,0.0,0.3783829429079842,0.0,0.0,0.0,0.0,0.0,0.0,0.0,0.0,0.0,0.0,0.0,0.0,0.0,0.0,0.0,0.0,0.0,0.0,0.0,0.14663231511269742,0.0,0.0,0.0,0.0,0.0,0.0,0.0,0.0,0.0,0.0,0.0,0.0,0.0,0.0,0.0,0.0,0.0,0.0,0.0,0.3717160702618659
58b78fa2-7bf7-4735-bcbc-0eef3e5e3d70,0.0,0.0,0.0,0.0,0.0,0.0,0.0,0.0,0.10493754960783501,0.0,0.0,0.0,0.6270728497035751,0.017701691599745585,0.0,0.0,0.0,0.0,0.0,0.0,0.0,0.0,0.0,0.0,0.0,0.0,0.0,0.0,0.0,0.0,0.0,0.0,0.0,0.06817033031061098,0.0,0.0,0.0,0.0,0.0,0.0,0.0,0.0,0.0,0.0,0.0,0.0,0.0,0.0,0.0,0.0,0.0,0.0,0.0,0.18211757877823334
036b18ea-3cf7-4f3e-a84c-c6aea5e4fcd7,0.0,0.0,0.0,0.0,0.0,0.0,0.0,0.0,0.0,0.0,0.0013431851284877385,0.0,0.17380321579902705,0.27860734950823673,0.0,0.0,0.0,0.0,0.0,0.0,0.0,0.0,0.0,0.0,0.0,0.0,0.0,0.0,0.0,0.0,0.0,0.0,0.0,0.14956676349786172,0.0,0.0,0.0,0.0,0.0,0.0,0.0,0.0,0.0,0.0,0.0,0.0,0.0,0.0,0.0,0.0,0.0,0.0,0.0,0.39667948606638687
f58f22e9-76b0-441f-951f-6bc795f2b7bc,0.0,0.0,0.0,0.0,0.004090617588262273,0.0,0.0,0.0,0.0,0.0,0.0,0.0,0.5966513979486162,0.07576495523594735,0.0,0.0,0.0,0.0,0.0,0.0,0.0,0.0,0.0,0.0,0.0,0.0,0.0,0.0,0.0,0.0,0.0,0.0,0.0,0.009041571346876701,0.0,0.0,0.0,0.0,0.0,0.0,0.0,0.0,0.0,0.0,0.0,0.0,0.0,0.0,0.0,0.0,0.0,0.0,0.0,0.31445145788029766
b5cbd66f-948d-45a3-af3b-f17e2b35d85e,0.0,0.0,0.0,0.0,0.0,0.0,0.0,0.0,0.0,0.0,0.033476420559774275,0.0,0.0,0.39967455832810456,0.0,0.0,0.0,0.0,0.0,0.0,0.0,0.0,0.0,0.0,0.0,0.0,0.0,0.0,0.0,0.0,0.0,0.0,0.0,0.10114049548421433,0.0,0.0,0.0,0.0,0.0,0.0,0.0,0.0,0.0,0.0,0.0,0.0,0.0,0.0,0.0,0.0,0.0,0.0,0.0,0.4657085256279068
cb262c7c-2646-45e3-bea9-376e48eefe65,0.0,0.0,0.0,0.0,0.10828095115617392,0.0,0.0,0.0,0.0,0.0,0.0,0.0,0.0,0.30515631899779866,0.0,0.0,0.0,0.0,0.0,0.0,0.0,0.0,0.0,0.0,0.0,0.0,0.0,0.0,0.0,0.0,0.0,0.0,0.0,0.17920221689976715,0.0,0.0,0.0,0.0,0.0,0.0,0.0,0.0,0.0,0.0,0.0,0.0,0.0,0.0,0.0,0.0,0.0,0.0,0.0,0.4073605129462603
23e96996-f438-4e81-b3b0-d12a0c046fcd,0.0,0.0,0.0,0.0,0.05858637250520174,0.0,0.0,0.0,0.0,0.0,0.010466158402065082,0.0,0.17554589236047163,0.07000514135845627,0.0,0.0,0.0,0.0,0.0,0.0,0.0,0.0,0.0,0.0,0.0,0.0,0.0,0.0,0.0,0.0,0.0,0.0,0.0,0.11631664735707191,0.0,0.0,0.0,0.0,0.0,0.0,0.0,0.0,0.0,0.0,0.0,0.0,0.0,0.0,0.0,0.0,0.0,0.0,0.0,0.5690797880167333
4b8ff65f-b563-4519-b984-c7cf26b3ad73,0.0,0.0,0.0,0.0,0.061596855039542917,0.0,0.0,0.0,0.0,0.0,0.002429288521248983,0.0,0.0,0.285736763910563,0.0,0.0,0.0,0.0,0.0,0.0,0.0,0.0,0.0,0.0,0.0,0.0,0.0,0.0,0.0,0.0,0.0,0.0,0.0,0.11006194310966831,0.0,0.0,0.0,0.0,0.0,0.0,0.0,0.0,0.0,0.0,0.06431132891688299,0.0,0.0,0.0,0.0,0.13956220621791005,0.0,0.0,0.0,0.33630161428418365
882ecf72-433b-46fa-9bc4-628c2d943cd1,0.0,0.0,0.0,0.0,0.06784022211311164,0.0,0.0,0.0,0.0,0.0,0.0,0.0,0.0,0.17471465012719437,0.0,0.0,0.0,0.0,0.0,0.0,0.0,0.0,0.0,0.0,0.0,0.0,0.0,0.0,0.0,0.0,0.0,0.0,0.0,0.22966508180431738,0.0,0.0,0.0,0.0,0.0,0.0,0.0,0.0,0.0,0.0,0.0,0.0,0.0,0.0,0.0,0.0,0.0,0.0,0.0,0.5277800459553766
8eee4228-4d30-480a-8743-5a3d98eb1741,0.0,0.0,0.0,0.0,0.12140897443793597,0.0,0.0,0.0,0.0,0.0,0.0,0.0,0.0,0.2634159166858369,0.0,0.0,0.0,0.0,0.0,0.0,0.0,0.0,0.0,0.0,0.0,0.0,0.0,0.0,0.0,0.0,0.0,0.0,0.0,0.14072311069331436,0.0,0.0,0.0,0.0,0.0,0.0,0.0,0.0,0.0,0.0,0.0,0.0,0.0,0.0,0.0,0.0,0.0,0.0,0.0,0.4744519981829128
082ca353-a5ae-421f-ae58-098257a1425f,0.0,0.0,0.0,0.0,0.0,0.0,0.0,0.0,0.0,0.0,0.006074477413216347,0.0,0.0,0.46938424357282976,0.0,0.0,0.0,0.0,0.0,0.0,0.0,0.0,0.0,0.0,0.0,0.0,0.0,0.0,0.0,0.0,0.0,0.0,0.0,0.135896664630954,0.0,0.0,0.0,0.0,0.0,0.0,0.0,0.0,0.0,0.0,0.0,0.0,0.0,0.0,0.0,0.0,0.0,0.0,0.0,0.38864461438299996
f6810357-a598-4a39-8cbd-067795b8d860,0.0,0.0,0.0,0.0,0.03605759910700416,0.0,0.0,0.0,0.0,0.0,0.0,0.0,0.0,0.2445713282442209,0.0,0.0,0.0,0.0,0.0,0.0,0.0,0.0,0.0,0.0,0.0,0.0,0.0,0.0,0.0,0.0,0.0,0.0,0.0,0.145485877829608,0.0,0.0,0.0,0.0,0.051856717585099486,0.0,0.0,0.0,0.0,0.0,0.0,0.0,0.0,0.0,0.0,0.20296858692619288,0.0,0.0,0.0,0.3190598903078746
5d10ca47-abc6-4953-9620-1c63542354bf,0.0,0.0,0.0,0.0,0.0,0.0,0.0,0.0,0.0,0.0,0.0,0.0,0.1126350307433816,0.2895446287008591,0.0,0.0,0.0,0.0,0.0,0.0,0.0,0.0,0.0,0.0,0.0,0.0,0.0,0.0,0.0,0.0,0.0,0.0,0.0,0.15634352796287748,0.0,0.0,0.0,0.0,0.0,0.0,0.0,0.0,0.0,0.0,0.0,0.0,0.0,0.0,0.0,0.0,0.0,0.0,0.0,0.4414768125928819
c21aab2a-36a0-464c-aa7d-d0c6937cab29,0.0,0.0,0.0,0.0,0.045327736436282726,0.0,0.0,0.0,0.0,0.0,0.0,0.0,0.0,0.20592446222826177,0.0,0.0,0.0,0.0,0.0,0.0,0.0,0.0,0.0,0.0,0.0,0.0,0.0,0.0,0.0,0.0,0.0,0.0,0.0,0.2395223653850943,0.0,0.0,0.0,0.0,0.09651380170424047,0.0,0.0,0.0,0.0,0.0,0.0,0.0,0.0,0.0,0.0,0.1447289647663181,0.0,0.0,0.0,0.26798266947980254
81dabf1f-e666-48c6-a912-2ea5bfecf585,0.0,0.0,0.0,0.0,0.050924879699111296,0.0,0.0,0.0,0.0,0.0,0.03708526246527469,0.0,0.0,0.1559878553261519,0.0,0.0,0.0,0.0,0.0,0.0,0.0,0.0,0.0,0.0,0.0,0.0,0.0,0.0,0.0,0.0,0.0,0.0,0.0,0.1582915004245294,0.0,0.0,0.0,0.0,0.0,0.0,0.0,0.0,0.0,0.0,0.0,0.0,0.0,0.0,0.0,0.0,0.0,0.0,0.0,0.5977105020849326
cfb6e5b0-34ed-4f8a-9057-c48de5e28645,0.0,0.0,0.0,0.0,0.05727943528473469,0.0,0.0,0.0,0.0,0.044970558123212004,0.03548315597460649,0.0,0.0,0.16945282950830534,0.0,0.0,0.0,0.0,0.0,0.0,0.0,0.0,0.0,0.0,0.0,0.0,0.0,0.0,0.0,0.0,0.0,0.0,0.0,0.11119729401028422,0.0,0.0,0.0,0.0,0.0,0.0,0.0,0.0,0.0,0.0,0.045322271097927413,0.0,0.0,0.0,0.0,0.24160125714865477,0.0,0.0,0.0,0.29469319885227513
96607b17-2894-4153-adde-3d970f47fe50,0.0,0.0,0.0,0.0,0.0,0.0,0.0,0.0,0.053643028344405506,0.0,0.0,0.0,0.6678090542924979,0.0,0.0,0.0,0.0,0.0,0.0,0.0,0.0,0.0,0.0,0.0,0.0,0.0,0.0,0.0,0.0,0.0,0.0,0.0,0.0,0.0,0.0,0.0,0.0,0.0,0.0,0.0,0.0,0.0,0.0,0.0,0.0,0.0,0.0,0.0,0.0,0.0,0.0,0.0,0.0,0.2785479173630966
c532cfda-a8fa-4a8a-92ba-33ad8b47404d,0.0,0.0,0.0,0.0,0.0,0.0,0.0,0.0,0.0,0.0,0.033995198867159515,0.0,0.0,0.34125389196819966,0.0,0.0,0.0,0.0,0.0,0.0,0.0,0.0,0.0,0.0,0.0,0.0,0.0,0.0,0.0,0.0,0.0,0.0,0.0,0.20145181192294773,0.0,0.0,0.0,0.0,0.0,0.0,0.0,0.0,0.0,0.0,0.0,0.0,0.0,0.0,0.0,0.0,0.0,0.0,0.0,0.4232990972416931
eefba73e-bf2c-4cac-bd29-8ab3d392aa5b,0.0,0.0,0.0,0.0,0.015950913740699804,0.0,0.0,0.0,0.0,0.0,0.02859716864662426,0.0,0.0,0.19083493860039255,0.0,0.0,0.0,0.0,0.0,0.0,0.0,0.0,0.0,0.0,0.0,0.0,0.0,0.0,0.0,0.0,0.0,0.0,0.0,0.173285226726492,0.0,0.0,0.0,0.0,0.0,0.0,0.0,0.0,0.0,0.0,0.0,0.0,0.0,0.0,0.0,0.0,0.0,0.0,0.0,0.5913317522857914
95a4f9f6-d6c7-4d9d-ae34-e4a91d8927e9,0.0,0.0,0.0,0.0,0.0,0.0,0.0,0.0,0.0,0.0,0.04638661913810379,0.0,0.0,0.27966601420541953,0.0,0.0,0.0,0.0,0.0,0.0,0.0,0.0,0.0,0.0,0.0,0.0,0.0,0.0,0.0,0.0,0.0,0.0,0.0,0.21040874472875207,0.0,0.0,0.0,0.0,0.0,0.0,0.0,0.0,0.0,0.0,0.0,0.0,0.0,0.0,0.0,0.0,0.0,0.0,0.0,0.46353862192772455
995bdb1e-c67e-43eb-9fbd-16eb290926d5,0.0,0.0,0.0,0.0,0.10200013692013925,0.0,0.0,0.0,0.0,0.0,0.0,0.0,0.0,0.05396221300815803,0.0,0.0,0.0,0.0,0.0,0.0,0.0,0.0,0.0,0.0,0.0,0.0,0.0,0.0,0.0,0.0,0.0,0.0,0.0,0.09273600539802565,0.0,0.0,0.0,0.0,0.0,0.10455006450660993,0.0,0.0,0.0,0.0,0.0,0.0,0.0,0.0,0.0,0.0,0.0,0.0,0.0,0.6467515801670671
34631deb-9ed3-49fa-afab-baa0570237cd,0.0,0.0,0.0,0.0,0.0,0.0,0.0,0.0,0.0,0.0,0.03510035622403282,0.0,0.16312407621982408,0.13961647810656275,0.0,0.0,0.0,0.0,0.0,0.0,0.0,0.0,0.0,0.0,0.0,0.0,0.0,0.0,0.0,0.0,0.0,0.0,0.0,0.08974479538136391,0.0,0.0,0.0,0.0,0.0,0.0,0.0,0.0,0.0,0.0,0.0,0.0,0.0,0.0,0.0,0.0,0.0,0.0,0.0,0.5724142940682163
b234d53e-cc20-41c0-9f21-31db53570a37,0.0,0.0,0.0,0.0,0.0,0.0,0.0,0.0,0.0,0.0,0.0,0.0,0.3489808774400001,0.09977129036252332,0.0,0.0,0.0,0.0,0.0,0.0,0.0,0.0,0.0,0.0,0.0,0.0,0.0,0.0,0.0,0.0,0.0,0.0,0.0,0.16946964557657587,0.0,0.0,0.0,0.0,0.0,0.0,0.0,0.0,0.0,0.0,0.0,0.0,0.0,0.0,0.0,0.0,0.0,0.0,0.0,0.38177818662090074
c7afc0d0-ca32-4be1-9477-ad106290c460,0.0,0.0,0.0,0.0,0.016966219694872196,0.0,0.0,0.0,0.0,0.0,0.0,0.0,0.0,0.06560745815756146,0.0,0.0,0.0,0.0,0.0,0.0,0.0,0.0,0.0,0.0,0.0,0.0,0.0,0.0,0.0,0.0,0.0,0.0,0.0,0.05479767986596303,0.0,0.0,0.0,0.0,0.0,0.406113417489601,0.0,0.0,0.0,0.0,0.0,0.0,0.0,0.0,0.0,0.0,0.0,0.0,0.0,0.45651522479200235
a24d14d9-4f17-4625-93d0-b0624610d83d,0.0,0.0,0.0,0.0,0.04955873022977905,0.0,0.0,0.0,0.0,0.0,0.031784861731138814,0.0,0.0,0.2999733918941321,0.0,0.0,0.0,0.0,0.0,0.0,0.0,0.0,0.0,0.0,0.0,0.0,0.0,0.007346204388303222,0.0,0.0,0.0,0.0,0.0,0.1656127057371829,0.0,0.0,0.0,0.0,0.0,0.0,0.0,0.0,0.0,0.0,0.0,0.0,0.0,0.0,0.0,0.0,0.0,0.0,0.0,0.44572410601946383
e3956736-adbc-49a2-a4a8-a6ae93b8faf3,0.0,0.0,0.0,0.0,0.0,0.0,0.0,0.0,0.0,0.0,0.0,0.0,0.0,0.3036662828973407,0.0,0.0,0.0,0.0,0.0,0.0,0.0,0.0,0.0,0.0,0.0,0.0,0.0,0.0,0.0,0.0,0.0,0.0,0.0,0.15790268987043693,0.0,0.0,0.0,0.0,0.0,0.0,0.0,0.0,0.0,0.0,0.0,0.0,0.0,0.0,0.0,0.0,0.0,0.0,0.0,0.5384310272322222
848fbfa9-1ff6-481f-910f-0423d52763da,0.0,0.0,0.0,0.0,0.10460047506999523,0.0,0.0,0.0,0.0,0.0,0.0,0.0,0.0,0.4270725431901985,0.0,0.0,0.0,0.0,0.0,0.0,0.0,0.0,0.0,0.0,0.0,0.0,0.0,0.0,0.0,0.0,0.0,0.0,0.0,0.11337093918715294,0.0,0.0,0.0,0.0,0.0,0.0,0.0,0.0,0.0,0.0,0.0,0.0,0.0,0.0,0.0,0.0,0.0,0.0,0.0,0.3549560425526534
380a053f-03e4-4773-9e59-5e0af8edd9a5,0.0,0.0,0.0,0.0,0.0,0.0,0.0,0.0,0.0,0.0,0.01056553387902999,0.0,0.3164230080251366,0.21972345755459782,0.0,0.0,0.0,0.0,0.0,0.0,0.0,0.0,0.0,0.0,0.0,0.0,0.0,0.0,0.0,0.05584336923815782,0.0,0.0,0.0,0.07180394379812118,0.0,0.0,0.0,0.0,0.07264185823199003,0.0,0.0,0.0,0.0,0.0,0.0,0.0,0.0,0.0,0.0,0.0,0.0,0.0,0.0,0.25299882927296646
28bb21f0-2851-4b7e-9f8a-6d0a016318e2,0.0,0.0,0.0,0.0,0.00016749355927731614,0.0,0.0,0.0,0.0,0.0,0.0,0.0,0.0,0.0,0.0,0.0,0.0,0.0,0.0,0.0,0.0,0.0,0.0,0.0,0.0,0.0,0.0,0.0,0.0,0.0,0.0,0.0,0.0,0.07077432058597143,0.0,0.0,0.0,0.0,0.0,0.3590713653109653,0.0,0.0,0.0,0.0,0.0,0.0,0.0,0.0,0.0,0.0,0.0,0.0,0.0,0.569986820543786
e44e2ac3-4a83-40b0-b266-a36626ffd6ae,0.0,0.0,0.0,0.0,0.08286187156452936,0.0,0.0,0.0,0.0,0.0,0.035941204163268126,0.0,0.0,0.25210960282713374,0.0,0.0,0.0,0.0,0.0,0.0,0.0,0.0,0.0,0.0,0.0,0.0,0.0,0.0,0.0,0.0,0.0,0.0,0.0,0.12658320774431772,0.0,0.0,0.0,0.0,0.0,0.0,0.0,0.0,0.0,0.0,0.0,0.0,0.0,0.0,0.0,0.164521287664193,0.0,0.0,0.0,0.33798282603655805
bec60bdd-34e7-467c-8662-f3a1bb1a4361,0.0,0.0,0.0,0.0,0.0,0.0,0.0,0.0,0.0,0.0,0.0,0.0,0.13606350746400486,0.11059913230312549,0.0,0.0,0.0,0.0,0.0,0.0,0.0,0.0,0.0,0.0,0.0,0.0,0.0,0.0,0.0,0.0,0.0,0.0,0.0,0.15327945601175047,0.0,0.0,0.0,0.0,0.0,0.0,0.0,0.0,0.0,0.0,0.0,0.0,0.0,0.0,0.0,0.0,0.0,0.0,0.0,0.6000579042211192
3e698caf-4d86-43f5-b657-5f4cef64fc5f,0.0,0.0,0.0,0.0,0.0046860066579173095,0.0,0.0,0.0,0.0,0.0,0.0,0.0,0.0,0.20792470081722964,0.0,0.0,0.0,0.0,0.0,0.0,0.0,0.0,0.0,0.0,0.0,0.0,0.0,0.0,0.0,0.0,0.0,0.0,0.0,0.11050686537451822,0.0,0.0,0.0,0.0,0.0,0.103228315118591,0.0,0.0,0.0,0.0,0.0,0.0,0.0,0.0,0.0,0.0,0.0,0.0,0.0,0.5736541120317439
79378590-e28e-403b-bbde-c76c0195a980,0.0,0.0,0.0,0.0,0.0,0.0,0.0,0.0,0.0,0.0,0.04132384087593387,0.0,0.1177729857834978,0.25207572003335715,0.0,0.0,0.0,0.0,0.0,0.0,0.0,0.0,0.0,0.0,0.0,0.0,0.0,0.0,0.0,0.0,0.0,0.0,0.0,0.063580669238154,0.0,0.0,0.0,0.0,0.0,0.0,0.0,0.0,0.0,0.0,0.11441080544433142,0.0,0.0,0.0,0.0,0.027180891311640674,0.0,0.0,0.0,0.38365508731308506
d6ef326a-e3c6-42ad-84b9-3f7f07313101,0.0,0.0,0.0,0.0,0.0,0.0,0.0,0.0,0.05109488392864106,0.0,0.02777371869719003,0.0,0.5414371706968529,0.0,0.0,0.0,0.0,0.0,0.0,0.0,0.0,0.0,0.0,0.0,0.0,0.0,0.0,0.0,0.0,0.0,0.0,0.0,0.0,0.027545990886304328,0.0,0.0,0.0,0.0,0.0,0.0,0.0,0.0,0.0,0.0,0.0,0.0,0.0,0.0,0.0,0.0,0.0,0.0,0.0,0.3521482357910116
ffc73551-55e9-4bbb-bd15-76088551964b,0.0,0.0,0.0,0.0,0.04964301212369782,0.0,0.0,0.0,0.12332344678007909,0.0,0.02411680077763989,0.0,0.28930862093624676,0.14799736820397105,0.0,0.0,0.0,0.0,0.0,0.0,0.0,0.0,0.0,0.0,0.0,0.0,0.0,0.0,0.0,0.0,0.0,0.0,0.0,0.07216895301459651,0.0,0.0,0.0,0.0,0.0,0.0,0.0,0.0,0.0,0.0,0.0,0.0,0.0,0.0,0.0,0.07466074143233316,0.0,0.0,0.0,0.21878105673143566
e08f84fe-0013-4734-9966-cd734e6fedc5,0.0,0.0,0.0,0.0,0.045952341444545235,0.0,0.0,0.0,0.0,0.0,0.0,0.0,0.0,0.19136407845509043,0.0,0.0,0.0,0.0,0.0,0.0,0.0,0.0,0.0,0.0,0.0,0.0,0.0,0.0,0.0,0.0,0.0,0.0,0.0,0.10638931848721972,0.0,0.0,0.0,0.0,0.0,0.0,0.0,0.0,0.0,0.0,0.020612956829163115,0.0,0.0,0.0,0.0,0.2974600374137492,0.0,0.0,0.0,0.3382212673702323
6cf73307-dcf9-43fb-8848-618ae5c1723b,0.0,0.0,0.0,0.0,0.0,0.0,0.0,0.0,0.0,0.0,0.0,0.0,0.0,0.2962412723783322,0.0,0.0,0.0,0.0,0.0,0.0,0.0,0.0,0.0,0.0,0.0,0.0,0.0,0.0,0.0,0.0,0.0,0.0,0.0,0.282862685683436,0.0,0.0,0.0,0.0,0.0,0.0,0.0,0.0,0.0,0.0,0.0,0.0,0.0,0.0,0.0,0.0,0.0,0.0,0.0,0.420896041938232
0fc33d1f-3cee-4481-b7a2-15b53ff85083,0.0,0.0,0.0,0.0,0.09713515122398048,0.0,0.0,0.0,0.0,0.0,0.0,0.0,0.007874105262513196,0.28606921379029604,0.0,0.0,0.0,0.0,0.0,0.0,0.0,0.0,0.0,0.0,0.0,0.0,0.0,0.1536076314374411,0.0,0.0,0.0,0.0,0.0,0.05919342129551124,0.0,0.0,0.0,0.0,0.08647588537772719,0.0,0.0,0.0,0.0,0.0,0.0,0.0,0.0,0.0,0.0,0.11680644717237175,0.0,0.0,0.0,0.19283814444015904
c00bdbdc-a65d-494d-a9d7-4309c28277ca,0.0,0.0,0.0,0.0,0.0,0.0,0.0,0.0,0.0,0.0,0.015128465974829185,0.0,0.23692071457858196,0.2559760422105388,0.0,0.0,0.0,0.0,0.0,0.0,0.0,0.0,0.0,0.0,0.0,0.0,0.0,0.0,0.0,0.0,0.0,0.0,0.0,0.15262047357765646,0.0,0.0,0.0,0.0,0.0,0.0,0.0,0.0,0.0,0.0,0.0,0.0,0.0,0.0,0.0,0.0,0.0,0.0,0.0,0.33935430365839353
9072cf34-8632-4b57-acc8-58e8fe21c136,0.0,0.0,0.0,0.0,0.0,0.0,0.0,0.0,0.0,0.0,0.0,0.0,0.0,0.0,0.0,0.0,0.0,0.0,0.0,0.0,0.0,0.0,0.0,0.0,0.0,0.0,0.0,0.0,0.0,0.0,0.0,0.0,0.0,0.1998494450824175,0.0,0.0,0.0,0.0,0.0,0.0,0.0,0.0,0.0,0.0,0.0,0.0,0.0,0.0,0.0,0.0,0.0,0.0,0.0,0.8001505549175825
f6f9ed0d-2b3c-45b7-b214-853b5a207bac,0.0,0.0,0.0,0.0,0.05431927480795109,0.0,0.0,0.0,0.0,0.0,0.0,0.0,0.08315173564432674,0.2966720142606058,0.0,0.0,0.0,0.0,0.0,0.0,0.0,0.0,0.0,0.0,0.0,0.0,0.0,0.0,0.0,0.0,0.0,0.0,0.0,0.1525640026047799,0.0,0.0,0.0,0.0,0.0,0.0,0.0,0.0,0.0,0.0,0.0,0.0,0.0,0.0,0.0,0.0,0.0,0.0,0.0,0.41329297268233645
f81ce06d-8ace-4f19-aaf8-75a4219a5a60,0.0,0.0,0.0,0.010602320319900002,0.0016948609058252706,0.0,0.0,0.0,0.10183231887345601,0.03456687716645324,0.0,0.0,0.0,0.09493615995773283,0.0,0.0,0.0,0.0,0.0,0.0,0.0,0.0,0.0,0.0,0.0,0.0,0.0,0.0,0.0,0.050286614752209184,0.0,0.0,0.03392406529859434,0.034627916798357805,0.0,0.0,0.0,0.0,0.17622294970723804,0.0,0.0,0.0,0.0,0.0,0.18712859892184347,0.0,0.0,0.0,0.0,0.18070669010219503,0.0,0.0,0.0,0.09347062719619473
d5fe3b27-c6a6-4a35-a173-3f7b73c2ed14,0.0,0.0,0.0,0.0,0.0,0.0,0.0,0.0,0.0,0.0,0.0,0.0,0.12780980569331116,0.33659754989247553,0.0,0.0,0.0,0.0,0.0,0.0,0.0,0.0,0.0,0.0,0.0,0.0,0.0,0.0,0.0,0.0,0.0,0.0,0.0,0.042976299842887415,0.0,0.0,0.0,0.0,0.21878280877222686,0.0,0.0,0.0,0.0,0.0,0.0,0.0,0.0,0.0,0.0,0.0,0.0,0.0,0.0,0.27383353579909914
d3988699-70d6-43e1-b84b-9e38b4d2d2b1,0.0,0.0,0.0,0.0,0.0,0.0,0.0,0.0,0.0,0.0,0.0,0.0,0.0,0.0,0.0,0.0,0.0,0.0,0.0,0.0,0.0,0.0,0.0,0.0,0.0,0.0,0.0,0.0,0.0,0.0,0.0,0.0,0.0,0.08715121858308358,0.0,0.0,0.0,0.0,0.0,0.33427199355686427,0.0,0.0,0.0,0.0,0.0,0.0,0.0,0.0,0.0,0.0,0.0,0.0,0.0,0.5785767878600523
e4ad3f09-7e23-4a84-b8f3-3faf2db890f4,0.0,0.0,0.0,0.0,0.0,0.0,0.0,0.0,0.0,0.0,0.07625661240665374,0.0,0.025201021051230676,0.25716354374873607,0.0,0.0,0.0,0.0,0.0,0.0,0.0,0.0,0.0,0.0,0.0,0.0,0.0,0.0,0.0,0.0,0.0,0.0,0.0,0.11437858051319007,0.0,0.0,0.0,0.0,0.0,0.0,0.0,0.0,0.0,0.0,0.033338061019318625,0.0,0.0,0.0,0.0,0.031954160280716556,0.0,0.0,0.0,0.4617080209801543
48f730a5-26c3-4716-964e-36fa9af26966,0.0,0.0,0.0,0.0,0.0,0.0,0.0,0.0,0.0,0.0,0.12683433063077748,0.0,0.05567757868481325,0.0,0.0,0.0,0.15569864217716628,0.0,0.0,0.0,0.0,0.0,0.0,0.0,0.0,0.0,0.0,0.0,0.0,0.0,0.0,0.0,0.0,0.06718990956726063,0.0,0.0,0.0,0.0,0.0,0.0,0.0,0.0,0.0,0.0,0.0,0.0,0.0,0.0,0.0,0.0,0.0,0.0,0.0,0.5945995389399824
cb97312b-0bd2-4fbd-b3a6-05c5a17a0a34,0.0,0.0,0.0,0.0,0.0,0.0,0.0,0.0,0.0,0.0,0.07971049507446934,0.0,0.1030721803353031,0.3065722110915641,0.0,0.0,0.0,0.0,0.0,0.0,0.0,0.0,0.0,0.0,0.0,0.0,0.0,0.03481892093232932,0.0,0.0,0.0,0.0,0.0,0.09564414102623468,0.0,0.0,0.0,0.0,0.0,0.0,0.0,0.0,0.0,0.0,0.0,0.0,0.0,0.0,0.0,0.0,0.0,0.0,0.0,0.3801820515400995
b5f20ec2-ff5d-4aac-8db6-49887506f0b3,0.0,0.0,0.0,0.0,0.0,0.0,0.0,0.0,0.0,0.012953790035780855,0.0,0.0,0.08374309282259054,0.0,0.0,0.0,0.15734432682628258,0.0,0.0,0.0,0.0,0.0,0.0,0.0,0.0,0.0,0.0,0.0,0.0,0.0,0.0,0.0,0.0,0.08546327949600366,0.0,0.0,0.0,0.0,0.0,0.0,0.0,0.0,0.0,0.0,0.0,0.0,0.0,0.0,0.0,0.06122172923248721,0.0,0.0,0.0,0.5992737815868552
b351345a-18c2-42ed-8911-c37267c9cb58,0.0,0.0,0.0,0.0,0.04365134862388531,0.0,0.0,0.0,0.0,0.0,0.0,0.0,0.006606038198848838,0.34157671769053805,0.0,0.0,0.0,0.0,0.0,0.0,0.0,0.0,0.0,0.0,0.0,0.0,0.0,0.18244446601802283,0.0,0.0,0.0,0.0,0.0,0.06124639787818914,0.0,0.0,0.0,0.0,0.10768947209048438,0.0,0.0,0.0,0.0,0.0,0.0,0.0,0.0,0.0,0.0,0.0,0.0,0.0,0.0,0.2567855595000314
05924106-07f6-44ca-ba15-7452b8a657e4,0.0,0.0,0.0,0.0,0.0,0.0,0.0,0.0,0.0,0.0,0.0,0.0,0.3100369895427662,0.024671471230695567,0.0,0.0,0.0,0.0,0.0,0.0,0.0,0.0,0.0,0.0,0.0,0.0,0.0,0.0,0.0,0.0,0.0,0.0,0.0,0.12197018486620745,0.0,0.0,0.0,0.0,0.0,0.0,0.0,0.0,0.0,0.0,0.0,0.0,0.0,0.0,0.0,0.0,0.0,0.0,0.0,0.5433213543603308
a85837e6-f98d-4a80-b7c1-49b0a6313dd7,0.0,0.0,0.0,0.0,0.06739044385803569,0.0,0.0,0.0,0.0,0.0,0.005904510260935809,0.0,0.05278702936470612,0.146735098565048,0.0,0.0,0.0,0.0,0.0,0.0,0.0,0.0,0.0,0.0,0.0,0.0,0.0,0.0,0.0,0.0,0.0,0.0,0.0,0.13325254411687998,0.0,0.0,0.0,0.0,0.0,0.0,0.0,0.0,0.0,0.0,0.0,0.0,0.0,0.0,0.0,0.055995649126681105,0.0,0.0,0.0,0.5379347247077133
008ddf20-f7fb-4673-b2ed-b5d5212fbf09,0.0,0.0,0.0,0.0,0.034439644673327274,0.0,0.0,0.0,0.0,0.045859930864772344,0.0,0.0,0.0,0.166510159939243,0.0,0.0,0.0,0.0,0.0,0.0,0.0,0.0,0.0,0.0,0.0,0.0,0.0,0.0,0.0,0.0,0.0,0.0,0.0,0.1567632126581931,0.0,0.0,0.0,0.0,0.0,0.0,0.0,0.0,0.0,0.0,0.0,0.0,0.0,0.0,0.0,0.2589051627901066,0.0,0.0,0.0,0.33752188907435765
cf2e5c6a-a7d8-428f-800a-fb94dcfc5fe4,0.0,0.0,0.0,0.0,0.0,0.0,0.0,0.0,0.0,0.0,0.08075748677227354,0.0,0.0,0.3559430661377655,0.0,0.0,0.0,0.0,0.0,0.0,0.0,0.0,0.0,0.0,0.0,0.0,0.0,0.0,0.0,0.0,0.0,0.0,0.0,0.12772719707846475,0.0,0.0,0.0,0.0,0.0,0.0,0.0,0.0,0.0,0.0,0.0,0.0,0.0,0.0,0.0,0.0,0.0,0.0,0.0,0.4355722500114962
68449d03-6f2e-4b17-a2bf-c0494df32303,0.0,0.0,0.0,0.0,0.024322785811870834,0.0,0.0,0.0,0.0,0.0,0.08802384142289324,0.0,0.0,0.2698709072288534,0.0,0.0,0.0,0.0,0.0,0.0,0.0,0.0,0.0,0.0,0.0,0.0,0.0,0.0,0.0,0.0,0.0,0.0,0.0,0.14617197295608406,0.0,0.0,0.0,0.0,0.0,0.0,0.0,0.0,0.0,0.0,0.0,0.0,0.0,0.0,0.0,0.0,0.0,0.0,0.0,0.4716104925802985
d442e36b-6d15-4fc3-9641-5feac119db94,0.0,0.0,0.0,0.0,0.0,0.0,0.0,0.0,0.0,0.0,0.0,0.0,0.2980364758917606,0.20443316252692192,0.0,0.0,0.0,0.0,0.0,0.0,0.0,0.0,0.0,0.0,0.0,0.0,0.0,0.0,0.0,0.0,0.0,0.0,0.0,0.06165103050914264,0.0,0.0,0.0,0.0,0.0,0.0,0.0,0.0,0.0,0.0,0.0,0.0,0.0,0.0,0.0,0.07389707219312358,0.0,0.0,0.0,0.3619822588790513
404dafe8-369c-4659-a088-c85dccb7ad3b,0.0,0.0,0.0,0.0,0.05894959956566795,0.0,0.0,0.0,0.0,0.0,0.018607060870908364,0.0,0.0,0.32135190113924955,0.0,0.0,0.0,0.0,0.0,0.0,0.0,0.0,0.0,0.0,0.0,0.0,0.0,0.0,0.0,0.0,0.0,0.0,0.0,0.18524940673373222,0.02601032667696226,0.0,0.0,0.0,0.0,0.0,0.0,0.0,0.0,0.0,0.0,0.0,0.0,0.0,0.0,0.13923283987385662,0.0,0.0,0.0,0.25059886513962304
a2aee2ef-c3c6-4832-bc3f-3648575af5c6,0.0,0.0,0.0,0.0,0.0,0.0,0.0,0.0,0.0,0.0,0.09654497197591055,0.0,0.3436535558818854,0.0,0.0,0.0,0.0,0.0,0.0,0.0,0.0,0.0,0.0,0.0,0.0,0.0,0.0,0.0,0.0,0.0,0.0,0.0,0.0,0.03942899939861968,0.0,0.0,0.0,0.0,0.0,0.0,0.0,0.0,0.0,0.0,0.0,0.0,0.0,0.0,0.0,0.0,0.0,0.0,0.0,0.5203724727435844
1d9e9adc-734a-47a3-ad00-b3050770ba37,0.0,0.0,0.0,0.0,0.06885713306726249,0.0,0.0,0.0,0.0,0.00425681760375439,0.0,0.0,0.0,0.17721298806664965,0.0,0.0,0.0,0.0,0.0,0.0,0.0,0.0,0.0,0.0,0.0,0.0,0.0,0.0,0.0,0.0,0.0,0.0,0.0,0.07837796878619963,0.0,0.0,0.0,0.0,0.08297188965055344,0.0,0.0,0.0,0.0,0.0,0.09493930554345709,0.0,0.0,0.0,0.0,0.29963904885234766,0.0,0.0,0.0,0.19374484842977568
dd37ccd0-31d9-4605-8b8e-618bedc80c38,0.0,0.0,0.0,0.0,0.0,0.0,0.0,0.0,0.0,0.0,0.0,0.0,0.13402529173819802,0.2853878119828125,0.0,0.0,0.0,0.0,0.0,0.0,0.0,0.0,0.13734500615786174,0.0,0.0,0.0,0.0,0.0,0.0,0.0,0.0,0.0,0.0,0.07889589995837921,0.0,0.0,0.0,0.0,0.0,0.0,0.0,0.0,0.0,0.0,0.0,0.0,0.0,0.0,0.0,0.0,0.0,0.0,0.0,0.3643459901627486
7cf64c74-47e6-4913-b91b-25198e36b7c8,0.0,0.0,0.0,0.0,0.0,0.0,0.0,0.0,0.0,0.04862936548793548,0.0989412707520132,0.0,0.21656367727097156,0.3130519197964843,0.0,0.0,0.0,0.0,0.0,0.0,0.0,0.0,0.0,0.0,0.0,0.0,0.0,0.0049149422039978736,0.0,0.0,0.0,0.0,0.0,0.036431176101931716,0.0,0.0,0.0,0.0,0.0,0.0,0.0,0.0,0.0,0.0,0.0,0.0,0.0,0.0,0.0,0.0,0.0,0.0,0.0,0.2814676483866659
2216fd35-fea8-4d0c-9673-fbe2146fb40c,0.0,0.0,0.0,0.0,0.0,0.0,0.0,0.0,0.264161840483071,0.0,0.0,0.0,0.468940395360951,0.0,0.0,0.0,0.0,0.0,0.0,0.0,0.0,0.0,0.0,0.0,0.0,0.0,0.0,0.0,0.0,0.0,0.0,0.0,0.0,0.06812560073168693,0.0,0.0,0.0,0.0,0.0,0.0,0.0,0.0,0.0,0.0,0.0,0.0,0.0,0.0,0.0,0.0,0.0,0.0,0.0,0.19877216342429113
3c25d91d-0e1b-46db-a842-06275c5db258,0.0,0.0,0.0,0.0,0.0,0.0,0.0,0.0,0.04831166140935792,0.11784046621292378,0.0,0.0,0.04456249898432516,0.34658667814746963,0.0,0.0,0.0,0.0,0.0,0.0,0.0,0.0,0.0,0.0,0.0,0.0,0.0,0.0,0.0,0.0,0.0,0.0,0.0,0.170906863008298,0.0,0.0,0.0,0.0,0.0,0.0,0.0,0.0,0.0,0.0,0.0,0.0,0.0,0.0,0.0,0.0,0.0,0.0,0.0,0.27179183223762565
638b78d6-4523-4dd3-8d8a-8c46682f3fd1,0.0,0.0,0.0,0.0,0.02482350737035128,0.0,0.0,0.0,0.0,0.05163885622105189,0.0,0.0,0.0,0.32525692175086096,0.0,0.0,0.0,0.0,0.0,0.0,0.0,0.0,0.0,0.0,0.0,0.0,0.0,0.0,0.0,0.0,0.0,0.0,0.0,0.28974559027401353,0.0,0.0,0.0,0.0,0.0,0.0,0.0,0.0,0.0,0.0,0.0,0.0,0.0,0.0,0.0,0.0,0.0,0.0,0.0,0.3085351243837223
ba9a95cf-44ce-4126-ba21-4970dfa12593,0.0,0.0,0.0,0.0,0.0,0.0,0.0,0.0,0.0,0.0,0.0,0.0,0.0,0.0,0.0,0.0,0.0,0.0,0.0,0.0,0.0,0.0,0.0,0.0,0.0,0.0,0.0,0.0,0.0,0.0,0.0,0.0,0.0,0.03818033504332603,0.0,0.0,0.0,0.0,0.0,0.39193971692326807,0.0,0.0,0.0,0.0,0.0,0.0,0.0,0.0,0.0,0.0,0.0,0.0,0.0,0.5698799480334059
64f0c38f-7f87-4c4b-9e37-66f32645dde4,0.0,0.0,0.0,0.0,0.0,0.0,0.0,0.0,0.05717350841972877,0.0,0.0,0.0,0.21596634390214128,0.2595395098710366,0.0,0.0,0.0,0.0,0.0,0.0,0.0,0.0,0.0,0.0,0.0,0.0,0.0,0.0,0.0,0.0,0.0,0.0,0.0,0.054772328497596806,0.0,0.0,0.0,0.0,0.14213937958378375,0.0,0.0,0.0,0.0,0.0,0.0,0.0,0.0,0.0,0.0,0.0,0.0,0.0,0.0,0.27040892972571273
a45a91f6-55a5-4a5e-ba54-0ac0b4e87d8c,0.0,0.0,0.0,0.0,0.12146174019150593,0.0,0.0,0.0,0.0,0.0,0.0,0.0,0.05606014689953174,0.261606835840263,0.0,0.0,0.0,0.0,0.0,0.0,0.0,0.0,0.0,0.0,0.0,0.0,0.0,0.0,0.0,0.0,0.0,0.0,0.0,0.10691360659463978,0.0,0.0,0.0,0.0,0.0,0.0,0.0,0.0,0.0,0.0,0.0,0.0,0.0,0.0,0.0,0.12338349971377176,0.0,0.0,0.0,0.3305741707602879
31ac4afd-8195-479a-97da-92edaa89a85e,0.0,0.0,0.0,0.0,0.0521704574278275,0.0,0.0,0.0,0.0,0.0,0.0,0.0,0.0,0.20888286673474835,0.0,0.0,0.0,0.0,0.0,0.0,0.0,0.0,0.0,0.0,0.0,0.0,0.0,0.0,0.0,0.0,0.0,0.0,0.0,0.125273296440726,0.0,0.0,0.0,0.0,0.32269797294559033,0.0,0.0,0.0,0.0,0.0,0.0,0.0,0.0,0.0,0.0,0.11473846546118549,0.0,0.0,0.0,0.17623694098992224
646631ce-7a1f-4274-abb7-780b939e182f,0.0,0.0,0.0,0.0,0.06711682672871752,0.0,0.0,0.0,0.0,0.0,0.0,0.0,0.0,0.1596270747277355,0.0,0.0,0.0,0.0,0.0,0.0,0.0,0.0,0.0,0.0,0.0,0.0,0.0,0.0,0.0,0.0,0.0,0.0,0.0,0.16085042593734472,0.0,0.0,0.0,0.0,0.0,0.0,0.0,0.0,0.0,0.0,0.0,0.0,0.0,0.0,0.0,0.0,0.0,0.0,0.0,0.6124056726062023
8e57db50-eb17-4d95-8806-081290ea3cfc,0.0,0.0,0.0,0.0,0.0,0.0,0.0,0.0,0.0,0.0,0.0,0.0,0.0,0.25804322625766973,0.0,0.0,0.0,0.0,0.0,0.0,0.0,0.0,0.0,0.0,0.0,0.0,0.0,0.0,0.0,0.0,0.0,0.0,0.0,0.09553544815071274,0.0,0.0,0.0,0.0,0.08654650599483045,0.13741582820369658,0.0,0.0,0.0,0.0,0.0,0.0,0.0,0.0,0.0,0.0,0.0,0.0,0.0,0.42245899139309046
75343469-9740-4b3f-83f9-82507f697fd9,0.0,0.0,0.0,0.0,0.0,0.0,0.0,0.0,0.0,0.0,0.016033989375570917,0.0,0.0,0.3156648014906091,0.0,0.0,0.0,0.0,0.0,0.0,0.0,0.0,0.0,0.0,0.0,0.0,0.0,0.0,0.0,0.0,0.0,0.0,0.0,0.10225280688913475,0.0,0.0,0.0,0.0,0.0,0.04760927140694205,0.0,0.0,0.0,0.0,0.05108865103716176,0.0,0.0,0.0,0.0,0.0,0.0,0.0,0.0,0.4673504798005813
558a239b-fe8b-4b56-9137-4cacf8324995,0.0,0.0,0.0,0.0,0.0,0.0,0.0,0.0,0.0,0.0,0.0,0.0,0.0,0.07256811290456877,0.0,0.0,0.0,0.0,0.0,0.0,0.0,0.0,0.0,0.0,0.0,0.0,0.0,0.0,0.0,0.0,0.0,0.0,0.0,0.1586961593652255,0.0,0.0,0.0,0.0,0.0,0.0,0.0,0.0,0.0,0.0,0.0,0.0,0.0,0.0,0.0,0.0,0.0,0.0,0.0,0.7687357277302056
67cf58e9-203e-455a-a25d-5e38d08028bc,0.0,0.0,0.0,0.0,0.0,0.0,0.0,0.0,0.0,0.0,0.0,0.0,0.0,0.04704094564155741,0.0,0.0,0.0,0.0,0.0,0.0,0.0,0.0,0.0,0.0,0.0,0.0,0.0,0.0,0.0,0.0,0.0,0.0,0.0,0.033000103199068515,0.0,0.0,0.0,0.0,0.0,0.40800980169860834,0.0,0.0,0.0,0.0,0.0,0.0,0.0,0.0,0.0,0.0,0.0,0.0,0.0,0.5119491494607656
3997c824-8b85-4e1d-b4b1-d32c26155296,0.0,0.0,0.0,0.0,0.04040071586511736,0.0,0.0,0.0,0.0,0.0,0.0,0.0,0.0,0.0,0.0,0.0,0.0,0.0,0.0,0.0,0.0,0.0,0.0,0.0,0.0,0.0,0.0,0.0,0.0,0.0,0.0,0.0,0.0,0.060560957241752235,0.0,0.0,0.0,0.0,0.0,0.3432338953412041,0.0,0.0,0.0,0.0,0.0,0.0,0.0,0.0,0.0,0.0,0.0,0.0,0.0,0.5558044315519263
088c2e4e-fc4e-4252-84ed-e3ca2c401958,0.0,0.0,0.0,0.0,0.0,0.0,0.0,0.0,0.0,0.0,0.0,0.0,0.06469346419693099,0.4032180134077723,0.0,0.0,0.0,0.0,0.0,0.0,0.0,0.0,0.0,0.0,0.0,0.0,0.0,0.0,0.0,0.0,0.0,0.0,0.0,0.15402886995599477,0.0,0.0,0.0,0.0,0.0,0.0,0.0,0.0,0.0,0.0,0.0,0.0,0.0,0.0,0.0,0.0,0.0,0.0,0.0,0.3780596524393019
6d271451-affa-4c76-bce5-6bf8622d83a9,0.0,0.0,0.0,0.0,0.07218664845727478,0.0,0.0,0.0,0.0,0.0,0.02992348312594703,0.0,0.006918925878242631,0.2992776152877917,0.0,0.0,0.0,0.0,0.0,0.0,0.0,0.0,0.0,0.0,0.0,0.0,0.0,0.0,0.0,0.0,0.0,0.0,0.0,0.1366749605377808,0.0,0.0,0.0,0.0,0.0,0.0,0.0,0.0,0.0,0.0,0.0,0.0,0.0,0.0,0.0,0.0,0.0,0.0,0.0,0.4550183667129631
137dfe0a-2a2b-423c-9a8a-78233b6ead74,0.0,0.0,0.0,0.0,0.02495306630889902,0.0,0.0,0.0,0.0,0.0,0.0,0.0,0.0,0.21936585158821276,0.0,0.0,0.0,0.0,0.0,0.0,0.0,0.0,0.0,0.0,0.0,0.0,0.0,0.0,0.0,0.0,0.0,0.0,0.0,0.0976572121128441,0.0,0.0,0.0,0.0,0.02207872233036023,0.0,0.0,0.0,0.0,0.0,0.012757413514057762,0.0,0.0,0.0,0.0,0.374392917634181,0.0,0.0,0.0,0.24879481651144517
153bc9ff-39c9-4890-a085-a46c530a7e97,0.0,0.0,0.0,0.0,0.0,0.0,0.0,0.0,0.0,0.0,0.12494483387392812,0.0,0.0,0.26443335052326283,0.0,0.0,0.0,0.0,0.0,0.0,0.0,0.0,0.0,0.0,0.0,0.0,0.0,0.0,0.0,0.0,0.0,0.0,0.0,0.13115505484103765,0.0,0.0,0.0,0.0,0.0,0.0,0.0,0.0,0.0,0.0,0.0,0.0,0.0,0.0,0.0,0.0,0.0,0.0,0.0,0.4794667607617715
3f67b6bc-8886-459a-be73-d702f977a8ba,0.0,0.0,0.0,0.0,0.0391129295294205,0.0,0.0,0.0,0.0,0.0,0.0,0.0,0.0,0.2194813503795569,0.0,0.0,0.0,0.0,0.0,0.0,0.0,0.0,0.0,0.0,0.0,0.0,0.0,0.05014274865931354,0.0,0.0,0.0,0.0,0.0,0.14133319398505312,0.0,0.0,0.0,0.0,0.0,0.0,0.0,0.0,0.0,0.0,0.0,0.0,0.0,0.0,0.0,0.20115581241375605,0.0,0.0,0.0,0.34877396503289987
300fa3a7-3c42-4edc-8992-400188e762b4,0.0,0.0,0.0,0.0,0.035845938812178915,0.0,0.0,0.0,0.0,0.0,0.0,0.0,0.22425138805860814,0.2753623490257738,0.0,0.0,0.0,0.0,0.0,0.0,0.0,0.0,0.0,0.0,0.0,0.0,0.0,0.0,0.0,0.0,0.0,0.0,0.0,0.18053875198043748,0.0,0.0,0.0,0.0,0.0,0.0,0.0,0.0,0.0,0.0,0.0,0.0,0.0,0.0,0.0,0.0,0.0,0.0,0.0,0.28400157212300164
b8492e1a-aa02-4585-a5be-75f9833c8c3f,0.0,0.0,0.0,0.0,0.0,0.0,0.0,0.0,0.0,0.018356338945987566,0.0,0.0,0.0,0.3351949603947104,0.0,0.0,0.0,0.0,0.0,0.0,0.0,0.0,0.0,0.0,0.0,0.0,0.0,0.0,0.0,0.0,0.0,0.0,0.0,0.23506393703543382,0.0,0.0,0.0,0.0,0.09288985570591742,0.0,0.0,0.0,0.0,0.0,0.0,0.0,0.0,0.0,0.0,0.10822014797705537,0.0,0.0,0.0,0.21027475994089553
b4bc4666-13ba-4864-be9b-89ff8a0a1bd8,0.0,0.0,0.0,0.0,0.058957726299085515,0.0,0.0,0.0,0.0,0.07169612743926101,0.0,0.0,0.0,0.36140747841264265,0.0,0.0,0.0,0.0,0.0,0.0,0.0,0.0,0.0,0.0,0.0,0.0,0.0,0.0,0.0,0.0,0.0,0.0,0.0,0.1834277536852218,0.0,0.0,0.0,0.0,0.0,0.0,0.0,0.0,0.0,0.0,0.0,0.0,0.0,0.0,0.0,0.01562539373003247,0.0,0.0,0.0,0.3088855204337566
06d713a5-61fe-450b-bb81-721ab8aa0013,0.0,0.0,0.0,0.0,0.0,0.0,0.0,0.0,0.0,0.0,0.059210548681933754,0.0,0.02071343141572858,0.34696343988661266,0.0,0.0,0.0,0.0,0.0,0.0,0.0,0.0,0.0,0.0,0.0,0.0,0.0,0.0,0.0,0.0,0.0,0.0,0.0,0.11714593631158692,0.0,0.0,0.0,0.0,0.0,0.0,0.0,0.0,0.0,0.0,0.0,0.0,0.0,0.0,0.0,0.0,0.0,0.0,0.0,0.45596664370413803
f95063bc-a640-4980-99a7-84645902daf4,0.0,0.0,0.0,0.0,0.011400963374364465,0.0,0.0,0.0,0.0,0.15064144718829145,0.026933687854989057,0.0,0.0758325809313125,0.2693884960544846,0.0,0.0,0.0,0.0,0.0,0.0,0.0,0.0,0.0,0.0,0.0,0.0,0.0,0.0,0.0,0.0,0.0,0.0,0.0,0.07959824865709952,0.0,0.0,0.0,0.0,0.0,0.0,0.0,0.0,0.0,0.0,0.0,0.0,0.0,0.0,0.0,0.0,0.0,0.0,0.0,0.3862045759394584
ab60901b-d2ad-401a-9742-52df35ce1de0,0.0,0.0,0.0,0.0,0.058105718029707716,0.0,0.0,0.0,0.0,0.0,0.0,0.0,0.07353195313491684,0.1949430598484566,0.0,0.0,0.0,0.0,0.0,0.0,0.0,0.0,0.0,0.0,0.0,0.0,0.0,0.0,0.0,0.0,0.0,0.0,0.0,0.04981664717140355,0.0,0.0,0.0,0.0,0.08859518366783992,0.0,0.0,0.0,0.0,0.0,0.09263200908737691,0.0,0.0,0.0,0.0,0.25797826354659703,0.0,0.0,0.0,0.18439716551370142
b1c32911-5ca8-4b77-8063-a97c30a3a348,0.0,0.0,0.0,0.0,0.0,0.0,0.0,0.0,0.0,0.013766415935840775,0.026703012241076438,0.0,0.0,0.36715978170502794,0.0,0.0,0.0,0.0,0.0,0.0,0.0,0.0,0.0,0.0,0.0,0.0,0.0,0.0,0.0,0.0,0.0,0.0,0.0,0.20729338592907573,0.0,0.0,0.0,0.0,0.0,0.0,0.0,0.0,0.0,0.0,0.0,0.0,0.0,0.0,0.0,0.0,0.0,0.0,0.0,0.38507740418897907
898a092e-89fe-4010-afea-14c605f99481,0.0,0.0,0.0,0.0,0.0,0.0,0.0,0.0,0.0,0.0,0.0774703653067492,0.0,0.0,0.34135650611433627,0.0,0.0,0.0,0.0,0.0,0.0,0.0,0.0,0.0,0.0,0.0,0.0,0.0,0.0,0.0,0.0,0.0,0.0,0.0,0.18310249637346213,0.0,0.0,0.0,0.0,0.0,0.0,0.0,0.0,0.0,0.0,0.04449680501475487,0.0,0.0,0.0,0.0,0.0,0.0,0.0,0.0,0.35357382719069747
5ece14fd-3d7f-4ecb-96aa-2c44d8f15ca4,0.0,0.0,0.0,0.0,0.025793664808937536,0.0,0.0,0.0,0.0,0.0,0.0,0.0,0.28947595388500535,0.16421345838762968,0.0,0.0,0.0,0.0,0.0,0.0,0.0,0.0,0.0,0.0,0.0,0.0,0.0,0.0,0.0,0.0,0.0,0.0,0.0,0.12979894793645605,0.0,0.0,0.0,0.0,0.0,0.0,0.0,0.0,0.0,0.0,0.0,0.0,0.0,0.0,0.0,0.0,0.0,0.0,0.0,0.3907179749819714
27bb612c-a74a-4088-b0ea-1dbe28e7a725,0.0,0.0,0.0,0.0,0.0,0.0,0.0,0.0,0.0,0.0,0.0,0.0,0.4071294190385982,0.0796582777624346,0.0,0.0,0.0,0.0,0.0,0.0,0.0,0.0,0.0,0.0,0.0,0.0,0.0,0.0,0.0,0.0,0.0,0.0,0.0,0.09417452227380142,0.0,0.0,0.0,0.0,0.0,0.0,0.0,0.0,0.0,0.0,0.0,0.0,0.0,0.0,0.0,0.0,0.0,0.0,0.0,0.4190377809251658
ce7e25dc-5df9-48c5-8f9f-756f6cf765eb,0.0,0.0,0.0,0.0,0.0,0.0,0.0,0.0,0.0,0.01966521106151124,0.0,0.0,0.0,0.34113338598534027,0.0,0.0,0.0,0.0,0.0,0.0,0.0,0.0,0.0,0.0,0.0,0.0,0.0,0.0,0.0,0.0,0.0,0.0,0.0,0.19740694791767413,0.0,0.0,0.0,0.0,0.0,0.029607053200151036,0.0,0.0,0.0,0.0,0.0,0.0,0.0,0.0,0.0,0.0,0.0,0.0,0.0,0.4121874018353234
ffc915b8-cacd-4974-a040-ee496f0efc0e,0.0,0.0,0.0,0.0,0.0,0.0,0.0,0.0,0.0,0.0,0.0,0.0,0.0,0.27609622384342797,0.0,0.0,0.0,0.0,0.0,0.0,0.0,0.0,0.0,0.0,0.0,0.0,0.0,0.0,0.0,0.0,0.0,0.0,0.0,0.08896914321343727,0.0,0.0,0.0,0.0,0.0,0.18724191478060717,0.0,0.0,0.0,0.0,0.0,0.0,0.0,0.0,0.0,0.0,0.0,0.0,0.0,0.4476927181625277
96686a1a-16d0-4cdc-b1f7-5dbbf4cf1c9f,0.0,0.0,0.0,0.0,0.018229671468426578,0.0,0.0,0.0,0.0,0.0,0.0004951461025730825,0.0,0.0,0.3534882721985131,0.0,0.0,0.0,0.0,0.0,0.0,0.0,0.0,0.0,0.0,0.0,0.0,0.0,0.0027911039423760384,0.0,0.0,0.0,0.0,0.0,0.10635011314578866,0.0,0.0,0.0,0.0,0.0,0.07996990856944315,0.0,0.0,0.0,0.0,0.0,0.0,0.0,0.0,0.0,0.0,0.0,0.0,0.0,0.4386757845728793
66392380-a9fe-45b7-9191-60993f3f77f4,0.0,0.0,0.0,0.0,0.05043964036831047,0.0,0.0,0.0,0.0,0.0,0.0,0.0,0.0,0.06400725112413592,0.0,0.0,0.0,0.0,0.0,0.0,0.0,0.0,0.0,0.0,0.0,0.0,0.0,0.0,0.0,0.0,0.0,0.0,0.0,0.10697600200809296,0.0,0.0,0.0,0.0,0.0,0.30212705773566073,0.0,0.0,0.0,0.0,0.0,0.0,0.0,0.0,0.0,0.0,0.0,0.0,0.0,0.4764500487638
196d4b0c-a4ec-4915-b706-ada86ab483ae,0.0,0.0,0.0,0.0,0.0,0.0,0.0,0.0,0.0,0.0,0.0,0.0,0.17744351124763183,0.25502093032020257,0.0,0.0,0.0,0.0,0.0,0.0,0.0,0.0,0.0,0.0,0.0,0.0,0.0,0.0,0.0,0.0,0.0,0.0,0.0,0.1278195571181077,0.0,0.0,0.0,0.0,0.0,0.0,0.0,0.0,0.0,0.0,0.0,0.0,0.0,0.0,0.0,0.0,0.0,0.0,0.0,0.4397160013140581
be6dd0e8-9966-4961-987d-4d64d15ff9ca,0.0,0.0,0.0,0.0,0.0,0.0,0.0,0.0,0.1420538323087298,0.0,0.0,0.0,0.8579461676912702,0.0,0.0,0.0,0.0,0.0,0.0,0.0,0.0,0.0,0.0,0.0,0.0,0.0,0.0,0.0,0.0,0.0,0.0,0.0,0.0,0.0,0.0,0.0,0.0,0.0,0.0,0.0,0.0,0.0,0.0,0.0,0.0,0.0,0.0,0.0,0.0,0.0,0.0,0.0,0.0,0.0
ef009667-aaaf-4138-a170-e446012e0930,0.0,0.0,0.0,0.0,0.0,0.0,0.0,0.0,0.0,0.0,0.0,0.0,0.07381730752146579,0.465468274237548,0.0,0.0,0.0,0.0,0.0,0.0,0.0,0.0,0.0,0.0,0.0,0.0,0.0,0.0,0.0,0.0,0.0,0.0,0.0,0.1838025120067018,0.0,0.0,0.0,0.0,0.0,0.0,0.0,0.0,0.0,0.0,0.0,0.0,0.0,0.0,0.0,0.0,0.0,0.0,0.0,0.2769119062342846
5b846aad-6133-4133-a78b-65be81332cb4,0.0,0.0,0.0,0.0,0.048354180811695506,0.0,0.0,0.0,0.0,0.0,0.011767379528858424,0.0,0.0,0.47361524836803554,0.0,0.0,0.0,0.0,0.0,0.0,0.0,0.0,0.0,0.0,0.0,0.0,0.0,0.0,0.0,0.0,0.0,0.0,0.0,0.13275012397918043,0.0,0.0,0.0,0.0,0.0,0.0,0.0,0.0,0.0,0.0,0.0,0.0,0.0,0.0,0.0,0.0,0.0,0.0,0.0,0.33351306731223
fcc2192a-1f54-49c5-b3e6-e9bd8025df67,0.0,0.0,0.0,0.0,0.0,0.0,0.0,0.0,0.0,0.005357961338679097,0.0,0.0,0.0,0.30228356778866433,0.0,0.0,0.0,0.0,0.0,0.0,0.0,0.0,0.0,0.0,0.0,0.0,0.0,0.0,0.0,0.17503430676860368,0.0,0.0,0.0,0.26412511433211905,0.0,0.0,0.0,0.0,0.0,0.0,0.0,0.0,0.0,0.0,0.0,0.0,0.0,0.0,0.0,0.0,0.0,0.0,0.0,0.25319904977193386
5088a594-ae6e-4f03-8cfd-97d9c62b2196,0.0,0.0,0.0,0.0,0.1633083160452139,0.0,0.0,0.0,0.0,0.0,0.0,0.0,0.0,0.19158976823131768,0.0,0.0,0.0,0.0,0.0,0.0,0.0,0.0,0.0,0.0,0.0,0.0,0.0,0.0,0.0,0.0,0.0,0.0,0.0,0.1584423105909391,0.0,0.0,0.0,0.0,0.0,0.0,0.0,0.0,0.0,0.0,0.0,0.0,0.0,0.0,0.0,0.11475735231266537,0.0,0.0,0.0,0.371902252819864
e5a70f71-1dd4-49e5-9113-1404fa9fc791,0.0,0.0,0.0,0.0,0.010058940704281922,0.0,0.0,0.0,0.0,0.0,0.026944526748891053,0.0,0.0,0.15753221217887242,0.0,0.0,0.0,0.0,0.0,0.0,0.0,0.0,0.0,0.0,0.0,0.0,0.0,0.0,0.0,0.0,0.0,0.0,0.0,0.1185759969848595,0.0,0.0,0.0,0.0,0.0,0.06032642174547839,0.0,0.0,0.0,0.0,0.0,0.0,0.0,0.0,0.0,0.0,0.0,0.0,0.0,0.6265619016376166
810d293b-7dfc-4e91-ab29-042457632399,0.0,0.0,0.0,0.0,0.17269197812814868,0.0,0.0,0.0,0.0,0.0,0.0,0.0,0.0,0.27475768480767937,0.0,0.0,0.0,0.0,0.0,0.0,0.0,0.0,0.0,0.0,0.0,0.0,0.0,0.0,0.0,0.0,0.0,0.0,0.0,0.15449058010296407,0.0,0.0,0.0,0.0,0.0,0.0,0.0,0.0,0.0,0.0,0.0,0.0,0.0,0.0,0.0,0.0,0.0,0.0,0.0,0.3980597569612078
11ed5289-050e-434a-a24e-79854b0d9dcc,0.0,0.0,0.0,0.0,0.11258754122382407,0.0,0.0,0.0,0.0,0.0,0.002847562651069664,0.0,0.0,0.22654806097778885,0.0,0.0,0.0,0.0,0.0,0.0,0.0,0.0,0.0,0.0,0.0,0.0,0.0,0.0,0.0,0.0,0.0,0.0,0.0,0.20041404626783835,0.0,0.0,0.0,0.0,0.0,0.0,0.0,0.0,0.0,0.0,0.0,0.0,0.0,0.0,0.0,0.0,0.0,0.0,0.0,0.45760278887947897
c5f2311c-020a-47cd-a065-7fbc34488405,0.0,0.0,0.0,0.0,0.0,0.0,0.0,0.0,0.38313476880887354,0.0,0.0,0.0,0.38961191762226755,0.0,0.0,0.0,0.0,0.0,0.0,0.0,0.0,0.0,0.0,0.0,0.0,0.0,0.0,0.0,0.0,0.0,0.0,0.0,0.0,0.04700541298954349,0.0,0.0,0.0,0.0,0.0,0.0,0.0,0.0,0.0,0.0,0.0,0.0,0.0,0.0,0.0,0.0,0.0,0.0,0.0,0.18024790057931542
a42bc793-f21d-45d1-9ab3-bfa9de25612e,0.0,0.0,0.0,0.0,0.02551308651297836,0.0,0.0,0.0,0.0,0.0,0.0,0.0,0.0,0.23826050706354193,0.0,0.0,0.0,0.0,0.0,0.0,0.0,0.0,0.0,0.0,0.0,0.0,0.0,0.0,0.0,0.0,0.0,0.0,0.0,0.11385441523379872,0.0,0.0,0.0,0.0,0.0,0.0,0.0,0.0,0.0,0.0,0.08770226326915083,0.0,0.0,0.0,0.0,0.16816537793313416,0.0,0.0,0.0,0.366504349987396
46692ac0-8993-4cd3-9590-32ec9dd2c802,0.0,0.0,0.0,0.0,0.0,0.0,0.0,0.0,0.0,0.0,0.030170571431696415,0.0,0.007339666136546322,0.2908968552817169,0.0,0.0,0.0,0.0,0.0,0.0,0.0,0.0,0.0,0.0,0.0,0.0,0.0,0.0,0.0,0.0,0.0,0.0,0.0,0.10709937767805892,0.0,0.0,0.0,0.0,0.0,0.0,0.0,0.0,0.0,0.0,0.0,0.0,0.0,0.0,0.0,0.0,0.0,0.0,0.0,0.5644935294719815
88765a3f-631d-4e47-a012-e2470633a505,0.0,0.0,0.0,0.0,0.0,0.0,0.0,0.0,0.08674994640393459,0.0,0.0,0.0,0.7416107506659483,0.0,0.0,0.0,0.0,0.0,0.0,0.0,0.0,0.0,0.0,0.0,0.0,0.0,0.0,0.0,0.0,0.0,0.0,0.0,0.0,0.019674099483881224,0.0,0.0,0.0,0.0,0.0,0.0,0.0,0.0,0.0,0.0,0.0,0.0,0.0,0.0,0.0,0.0,0.0,0.0,0.0,0.15196520344623585
83ae044d-2975-478c-902c-776858c2ba3a,0.0,0.0,0.0,0.0,0.0,0.0,0.0,0.0,0.0,0.0,0.0,0.0,0.0,0.3050136172852349,0.0,0.0,0.0,0.0,0.0,0.0,0.0,0.0,0.0,0.0,0.0,0.0,0.0,0.0,0.0,0.0,0.0,0.0,0.0,0.17454344941099312,0.0,0.0,0.0,0.0,0.0,0.0,0.0,0.0,0.0,0.0,0.0,0.0,0.0,0.0,0.0,0.0,0.0,0.0,0.0,0.5204429333037719
ef853801-83be-4011-ba4d-6e2fe7153b05,0.0,0.0,0.0,0.0,0.0,0.0,0.0,0.0,0.3063357814778933,0.0,0.0,0.0,0.23080628845319848,0.0,0.0,0.0,0.0,0.0,0.0,0.0,0.0,0.0,0.0,0.0,0.0,0.0,0.0,0.0,0.0,0.0,0.0,0.0,0.0,0.0756524913650374,0.0,0.0,0.0,0.0,0.0,0.0,0.0,0.0,0.0,0.0,0.0,0.0,0.0,0.0,0.0,0.008906479108332227,0.0,0.0,0.0,0.3782989595955385
d1bf3b65-493e-4249-8cb3-7c9f8ce4dc48,0.0,0.0,0.0,0.0,0.04119442750695472,0.0,0.0,0.0,0.0,0.0,0.0,0.0,0.0,0.33681037383566276,0.0,0.0,0.0,0.0,0.0,0.0,0.0,0.0,0.0,0.0,0.0,0.0,0.0,0.0,0.0,0.0,0.0,0.0,0.0,0.1616368836300992,0.0,0.0,0.0,0.0,0.0,0.0,0.0,0.0,0.0,0.0,0.0,0.0,0.0,0.0,0.0,0.0,0.0,0.0,0.0,0.4603583150272833
1a93dd15-f404-484c-b67c-98169d5522c7,0.0,0.0,0.0,0.0,0.0,0.0,0.0,0.0,0.06929677489628713,0.0,0.0,0.0,0.35620599442963913,0.21882788299551334,0.0,0.0,0.0,0.0,0.0,0.0,0.0,0.0,0.0,0.0,0.0,0.0,0.0,0.0,0.0,0.0,0.0,0.0,0.0,0.1417268180410943,0.0,0.0,0.0,0.0,0.007084180134565373,0.0,0.0,0.0,0.0,0.0,0.0,0.0,0.0,0.0,0.0,0.0,0.0,0.0,0.0,0.20685834950290077
42e2ed30-e08b-4d24-9e83-d1c3ecbd0fb4,0.0,0.0,0.0,0.0,0.01344646092644469,0.0,0.0,0.0,0.0,0.0,0.0,0.0,0.0,0.3131967483488983,0.0,0.0,0.0,0.0,0.0,0.0,0.0,0.0,0.0,0.0,0.0,0.0,0.0,0.0,0.0,0.0,0.0,0.0,0.0,0.21810096480340768,0.0,0.0,0.0,0.0,0.0,0.0,0.0,0.0,0.0,0.0,0.0,0.0,0.0,0.0,0.0,0.0,0.0,0.0,0.0,0.4552558259212494
93ff9379-d1a1-412f-a776-c53397ba0dc3,0.0,0.0,0.0,0.0,0.09332337050688357,0.0,0.0,0.0,0.0,0.0,0.017759186449603306,0.0,0.0,0.28046183424451937,0.0,0.0,0.0,0.0,0.0,0.0,0.0,0.0,0.0,0.0,0.0,0.0,0.0,0.0,0.0,0.0,0.0,0.0,0.0,0.14698622942155562,0.0,0.0,0.0,0.0,0.0,0.0,0.0,0.0,0.0,0.0,0.0,0.0,0.0,0.0,0.0,0.0,0.0,0.0,0.0,0.46146937937743826
fff35c80-88cd-4923-80c1-0273ba5bed0f,0.0,0.0,0.0,0.0,0.06498675193440007,0.0,0.0,0.0,0.0,0.005166426628126229,0.016528422060188935,0.0,0.11057642428262925,0.285334374127829,0.0,0.0,0.0,0.0,0.0,0.0,0.0,0.0,0.0,0.0,0.0,0.0,0.0,0.0,0.0,0.0,0.0,0.0,0.0,0.09978587770332921,0.0,0.0,0.0,0.0,0.0,0.0,0.0,0.0,0.0,0.0,0.0,0.0,0.0,0.0,0.0,0.0,0.0,0.0,0.0,0.41762172326349734
96b43e99-d81e-44d2-aac5-a6eb92727368,0.0,0.0,0.0,0.0,0.0,0.0,0.0,0.0,0.0,0.0,0.0,0.0,0.0,0.10212032224513405,0.0,0.0,0.0,0.0,0.0,0.0,0.0,0.0,0.0,0.0,0.0,0.0,0.0,0.07080509392841886,0.0,0.0,0.0,0.0,0.0,0.0,0.0,0.0,0.0,0.0,0.1153193837715335,0.0,0.0,0.0,0.0,0.0,0.2657143429203126,0.0,0.0,0.0,0.0,0.2428065393814726,0.0,0.0,0.0,0.2032343177531283
f3c7fc84-3df8-4ff7-a378-26ec5d9e08a5,0.0,0.0,0.0,0.0,0.030678083007538135,0.0,0.0,0.0,0.0,0.0,0.0,0.0,0.01865953741639309,0.2633153721111916,0.0,0.0,0.0,0.0,0.0,0.0,0.0,0.0,0.0,0.0,0.0,0.0,0.0,0.0,0.0,0.0,0.0,0.0,0.0,0.13661689876374233,0.0,0.0,0.0,0.0,0.0,0.0,0.0,0.0,0.0,0.0,0.0,0.0,0.0,0.0,0.0,0.0,0.0,0.0,0.0,0.5507301087011348
80017c88-e07f-4bf6-ad00-87f3e5473d6d,0.0,0.0,0.0,0.0,0.051641152748188826,0.0,0.0,0.0,0.0,0.0,0.008654359089866127,0.0,0.0,0.35573048487953907,0.0,0.0,0.0,0.0,0.0,0.0,0.0,0.0,0.0,0.0,0.0,0.0,0.0,0.0,0.0,0.0,0.0,0.0,0.0,0.13607777507455984,0.0,0.0,0.0,0.0,0.0,0.0,0.0,0.0,0.0,0.0,0.0,0.0,0.0,0.0,0.0,0.0,0.0,0.0,0.0,0.4478962282078461
