,Memory CD4 T cell,Naive CD8 T cell,Naive CD4 T cell,CD16 NK cell,GZMK CD8 T cell,Memory B cell,CD16 monocyte,PreB cell,MHCII low CD14 monocyte,GZMB CD8 T cell,Tissue-resident NK cell,Treg cell,MHCII high CD14 monocyte,Naive B cell,MAIT cell,CD56 NK cell,Myelocyte,pDC,Cycling preB cell,S100A+ preNeutrophil,Megakaryocyte progenitor,Cycling proB cell,Plasma cell,Cycling S100A+ preNeutrophil,Cycling T/NK cell,Early SOX4+ erythroblast,Gamma delta T cell,Hematopoietic stem cell,cDC2,Megakaryocyte,INF-activated T cell,Intermediate EPCAM+ erythroblast,ILC,Fetal HBG+ erythrocyte,Fibroblast,Mesenchymal stromal cell,Megakaryocyteâ€“erythroid progenitor,Late hemoglobin+ erythroblast,ProB cell,Promyelocyte,Cycling cDC2,Common myeloid progenitor,Myeloid pre-pDC,Granulocyte-monocyte progenitor,Common lymphoid progenitor,Red blood cell,Lymphoid pre-pDC,Macrophage,cDC1,Mast cell,Multipotent progenitor,Common dendritic progenitor,Osteoclast,Metamyelocyte/Band neutrophil,Blood_CD14 monocyte,Blood_CD14/CD16 monocyte,Blood_CD16 NK cell,Blood_CD16 monocyte,Blood_CD56 NK cell,Blood_Cycling T/NK cell,Blood_Cycling myeloid cell,Blood_Dendritic cell,Blood_GZMB CD8 T cell,Blood_GZMK CD8 T cell,Blood_Gamma delta T cell,Blood_Hematopoietic stem cell,Blood_MAIT cell,Blood_Megakaryocyte,Blood_Memory B cell,Blood_Memory CD4 T cell,Blood_Naive B cell,Blood_Naive CD4 T cell,Blood_Naive CD8 T cell,Blood_Neutrophil,Blood_Plasma cell,Blood_Red blood cell,Blood_Treg cell,Blood_pDC
e78ff499-037b-450a-ac04-6fb3a9e124a4,0.0,0.0,0.0,0.0,0.0,0.0,0.0,0.0,0.0,0.0,0.0,0.0,0.0,0.21523375840022987,0.0,0.0,0.0,0.0,0.0,0.0,0.0,0.0,0.0,0.0,0.0,0.0,0.0,0.0,0.0,0.0,0.0,0.0,0.0,0.08735847655947064,0.0,0.0,0.0,0.0,0.0653907678484399,0.18734909748813744,0.0,0.0,0.0,0.0,0.06350779029708215,0.0,0.0,0.0,0.0,0.0,0.0,0.0,0.0,0.38116010940664,0.0,0.0,0.0,0.0,0.0,0.0,0.0,0.0,0.0,0.0,0.0,0.0,0.0,0.0,0.0,0.0,0.0,0.0,0.0,0.0,0.0,0.0,0.0,0.0
c1f908ce-f6d5-4557-a4bf-956b71b8bf61,0.0,0.0,0.0,0.0,0.051633557586544795,0.0,0.0,0.0,0.00018877638879106402,0.0,0.10134954922044528,0.0,0.31525593648546246,0.061727176209052714,0.0,0.0,0.0,0.0,0.0,0.0,0.0,0.0,0.0,0.0,0.0,0.0,0.0,0.0,0.0,0.0,0.0,0.0,0.0,0.06399213439621175,0.0,0.0,0.0,0.0,0.0,0.0,0.0,0.0,0.0,0.0,0.0,0.0,0.0,0.0,0.0,0.00565627561726149,0.0,0.0,0.0,0.4001965940962304,0.0,0.0,0.0,0.0,0.0,0.0,0.0,0.0,0.0,0.0,0.0,0.0,0.0,0.0,0.0,0.0,0.0,0.0,0.0,0.0,0.0,0.0,0.0,0.0
92c7e4d6-eb53-46c5-9721-5edccd60bcc9,0.0,0.0,0.0,0.0,0.0,0.0,0.0,0.0,0.0,0.0,0.0,0.0,0.0,0.27720015470983383,0.0,0.0,0.0,0.0,0.0,0.0,0.0,0.0,0.0,0.0,0.0,0.0,0.0,0.0,0.0,0.0,0.0,0.0,0.0,0.09139031368250641,0.0,0.0,0.0,0.0,0.0,0.15301612325146446,0.0,0.0,0.0,0.0,0.0,0.0,0.0,0.0,0.0,0.0,0.0,0.0,0.0,0.4783934083561952,0.0,0.0,0.0,0.0,0.0,0.0,0.0,0.0,0.0,0.0,0.0,0.0,0.0,0.0,0.0,0.0,0.0,0.0,0.0,0.0,0.0,0.0,0.0,0.0
eb14339d-fefa-46c3-99a6-55268384361a,0.0,0.0,0.0,0.0,0.02450774074811275,0.0,0.0,0.0,0.0,0.0,0.0,0.0,0.0,0.43179499975790303,0.0,0.0,0.0,0.0,0.0,0.0,0.0,0.0,0.0,0.0,0.0,0.0,0.0,0.0,0.0,0.0,0.0,0.0,0.0,0.23328966654588038,0.0,0.0,0.0,0.0,0.0,0.0,0.0,0.0,0.0,0.0,0.0,0.0,0.0,0.0,0.0,0.08759682839861786,0.0,0.0,0.0,0.22281076454948603,0.0,0.0,0.0,0.0,0.0,0.0,0.0,0.0,0.0,0.0,0.0,0.0,0.0,0.0,0.0,0.0,0.0,0.0,0.0,0.0,0.0,0.0,0.0,0.0
9f0a0548-e8b4-4c44-94e7-9d5e793e5601,0.0,0.0,0.0,0.0,0.10117271563194931,0.0,0.0,0.0,0.0,0.0,0.0,0.0,0.0,0.34939765096700065,0.0,0.0,0.0,0.0,0.0,0.0,0.0,0.0,0.0,0.0,0.0,0.0,0.0,0.0,0.0,0.0,0.0,0.0,0.0,0.1694690557156197,0.0,0.0,0.0,0.0,0.0,0.0,0.0,0.0,0.0,0.0,0.0,0.0,0.0,0.0,0.0,0.0,0.0,0.0,0.0,0.3799605776854303,0.0,0.0,0.0,0.0,0.0,0.0,0.0,0.0,0.0,0.0,0.0,0.0,0.0,0.0,0.0,0.0,0.0,0.0,0.0,0.0,0.0,0.0,0.0,0.0
a086aba1-0df5-497b-85e7-bc84aac1acec,0.0,0.0,0.0,0.0,0.02514368349046995,0.0,0.0,0.0,0.0,0.0,0.06220191024205518,0.0,0.0,0.3550033044904884,0.0,0.0,0.0,0.0,0.0,0.0,0.0,0.0,0.0,0.0,0.0,0.0,0.0,0.0,0.0,0.0,0.0,0.0,0.0,0.15585554186752087,0.0,0.0,0.0,0.0,0.0,0.0,0.0,0.0,0.0,0.0,0.0,0.0,0.0,0.0,0.0,0.08697765739633743,0.0,0.0,0.0,0.31481790251312824,0.0,0.0,0.0,0.0,0.0,0.0,0.0,0.0,0.0,0.0,0.0,0.0,0.0,0.0,0.0,0.0,0.0,0.0,0.0,0.0,0.0,0.0,0.0,0.0
69da7e4d-57d3-40d6-92af-3cd1aaf9e0ec,0.0,0.0,0.0,0.0,0.0,0.0,0.0,0.0,0.0,0.0,0.0,0.0,0.463435091574136,0.0,0.0,0.0,0.0,0.0,0.0,0.0,0.0,0.0,0.0,0.0,0.0,0.0,0.0,0.0,0.0,0.0,0.0,0.0,0.0,0.07499992639936871,0.0,0.0,0.0,0.0,0.0,0.0,0.0,0.0,0.0,0.0,0.0,0.0,0.0,0.0,0.0,0.0,0.0,0.0,0.0,0.46156498202649526,0.0,0.0,0.0,0.0,0.0,0.0,0.0,0.0,0.0,0.0,0.0,0.0,0.0,0.0,0.0,0.0,0.0,0.0,0.0,0.0,0.0,0.0,0.0,0.0
ada38f3e-8020-4394-9e7c-50d06dd04769,0.0,0.0,0.0,0.0,0.0,0.0,0.0,0.0,0.20980957636575154,0.0,0.0,0.0,0.41576697369379595,0.0459167020721779,0.0,0.0,0.0,0.0,0.0,0.0,0.0,0.0,0.0,0.0,0.0,0.0,0.0,0.0,0.0,0.0,0.0,0.0,0.0,0.05786001893506839,0.0,0.0,0.0,0.0,0.1204852984013033,0.0,0.0,0.0,0.0,0.0,0.0,0.0,0.0,0.0,0.0,0.0,0.0,0.0,0.0,0.1501614305319029,0.0,0.0,0.0,0.0,0.0,0.0,0.0,0.0,0.0,0.0,0.0,0.0,0.0,0.0,0.0,0.0,0.0,0.0,0.0,0.0,0.0,0.0,0.0,0.0
a7a567fa-847e-49c6-b404-f2257e00b00d,0.0,0.0,0.0,0.0,0.0,0.0,0.0,0.0,0.0,0.0,0.0,0.0,0.2832193519407569,0.10771281109298864,0.0,0.0,0.0,0.0,0.0,0.0,0.0,0.0,0.0,0.0,0.0,0.0,0.0,0.0,0.0,0.0,0.0,0.0,0.0,0.09590394891764402,0.0,0.0,0.0,0.0,0.0,0.0,0.0,0.0,0.0,0.0,0.0,0.0,0.0,0.0,0.0,0.0,0.0,0.0,0.0,0.5131638880486104,0.0,0.0,0.0,0.0,0.0,0.0,0.0,0.0,0.0,0.0,0.0,0.0,0.0,0.0,0.0,0.0,0.0,0.0,0.0,0.0,0.0,0.0,0.0,0.0
d1848a5f-053a-4db4-ab4e-c5eb311bc3a0,0.0,0.0,0.0,0.0,0.0,0.0,0.0,0.0,0.15256068163808184,0.0,0.0,0.0,0.5468276397741747,0.0180771290642263,0.0,0.0,0.0,0.0,0.0,0.0,0.0,0.0,0.0,0.0,0.0,0.0,0.0,0.0,0.0,0.0,0.0,0.0,0.0,0.11398128205507242,0.0,0.0,0.0,0.0,0.0,0.0,0.0,0.0,0.0,0.0,0.0,0.0,0.0,0.0,0.0,0.0,0.0,0.0,0.0,0.16855326746844482,0.0,0.0,0.0,0.0,0.0,0.0,0.0,0.0,0.0,0.0,0.0,0.0,0.0,0.0,0.0,0.0,0.0,0.0,0.0,0.0,0.0,0.0,0.0,0.0
ebf4703c-7517-492f-8ea3-134e798ac820,0.0,0.0,0.0,0.0,0.0,0.0,0.0,0.0,0.0,0.0,0.0,0.0,0.4357683181659899,0.031596320188138294,0.0,0.0,0.0,0.0,0.0,0.0,0.0,0.0,0.0,0.0,0.0,0.0,0.0,0.0,0.0,0.0,0.0,0.0,0.0,0.0942822874486011,0.0,0.0,0.0,0.0,0.0,0.0,0.0,0.0,0.0,0.0,0.0,0.0,0.0,0.0,0.0,0.0,0.0,0.0,0.0,0.43835307419727076,0.0,0.0,0.0,0.0,0.0,0.0,0.0,0.0,0.0,0.0,0.0,0.0,0.0,0.0,0.0,0.0,0.0,0.0,0.0,0.0,0.0,0.0,0.0,0.0
8ff807a6-b63f-4a71-9ff3-b47ac91a0114,0.0,0.0,0.0,0.0,0.0,0.0,0.0,0.0,0.0,0.062126497048889104,0.04922744343763805,0.0,0.0,0.33891758302643044,0.0,0.0,0.0,0.0,0.0,0.0,0.0,0.0,0.0,0.0,0.0,0.0,0.0,0.01979659991951622,0.0,0.0,0.0,0.0,0.0,0.1132609883893045,0.0,0.0,0.0,0.0,0.0,0.0,0.0,0.0,0.0,0.0,0.0,0.0,0.0,0.0,0.0,0.019330141251200788,0.0,0.0,0.0,0.39734074692702087,0.0,0.0,0.0,0.0,0.0,0.0,0.0,0.0,0.0,0.0,0.0,0.0,0.0,0.0,0.0,0.0,0.0,0.0,0.0,0.0,0.0,0.0,0.0,0.0
dc7c0a9b-ef72-4188-a711-69dbf70c744c,0.0,0.0,0.0,0.0,0.049042024038184924,0.0,0.0,0.0,0.0,0.0,0.04604256836370948,0.0,0.028638696725231436,0.1443540227073729,0.0,0.0,0.0,0.0,0.0,0.0,0.0,0.0,0.0,0.0,0.0,0.0,0.0,0.03346415522602901,0.0,0.0,0.0,0.0,0.0,0.12586349380047526,0.0,0.0,0.0,0.0,0.0,0.0,0.0,0.0,0.0,0.0,0.0,0.0,0.0,0.0,0.0,0.0,0.0,0.0,0.0,0.572595039138997,0.0,0.0,0.0,0.0,0.0,0.0,0.0,0.0,0.0,0.0,0.0,0.0,0.0,0.0,0.0,0.0,0.0,0.0,0.0,0.0,0.0,0.0,0.0,0.0
712dbdd5-c4e2-4b3c-9976-8f50234441b1,0.0,0.0,0.0,0.0,0.0,0.0,0.0,0.0,0.0,0.0,0.038094239877892684,0.0,0.0,0.34222048457512627,0.0,0.0,0.0,0.0,0.0,0.0,0.0,0.0,0.0,0.0,0.0,0.0,0.0,0.0,0.0,0.0,0.0,0.0,0.0,0.19562612550895733,0.0,0.0,0.0,0.0,0.0,0.0,0.0,0.0,0.0,0.0,0.0,0.0,0.0,0.0,0.0,0.0,0.0,0.0,0.0,0.4240591500380237,0.0,0.0,0.0,0.0,0.0,0.0,0.0,0.0,0.0,0.0,0.0,0.0,0.0,0.0,0.0,0.0,0.0,0.0,0.0,0.0,0.0,0.0,0.0,0.0
e591adad-8331-4198-94c4-d03ea01f70c5,0.0,0.0,0.0,0.0,0.07731757289489187,0.0,0.0,0.0,0.0,0.0,0.04333339544633271,0.0,0.0,0.3389462844999508,0.0,0.0,0.0,0.0,0.0,0.0,0.0,0.0,0.0,0.0,0.0,0.0,0.0,0.0,0.0,0.0,0.0,0.0,0.0,0.17487290699479238,0.0,0.0,0.0,0.0,0.0,0.0,0.0,0.0,0.0,0.0,0.0,0.0,0.0,0.0,0.0,0.0,0.0,0.0,0.0,0.3655298401640322,0.0,0.0,0.0,0.0,0.0,0.0,0.0,0.0,0.0,0.0,0.0,0.0,0.0,0.0,0.0,0.0,0.0,0.0,0.0,0.0,0.0,0.0,0.0,0.0
4cf1e489-dd24-4227-b306-4bc5266a224c,0.0,0.0,0.0,0.0,0.0,0.0,0.0,0.0,0.0,0.06972925326659074,0.0,0.0,0.0,0.3493789120627405,0.0,0.0,0.0,0.0,0.0,0.0,0.0,0.0,0.0,0.0,0.0,0.0,0.0,0.0,0.0,0.0,0.0,0.0,0.0,0.1337768520536139,0.0,0.0,0.0,0.0,0.0,0.0,0.0,0.0,0.0,0.0,0.0,0.0,0.0,0.0,0.0,0.0,0.0,0.0,0.0,0.44711498261705473,0.0,0.0,0.0,0.0,0.0,0.0,0.0,0.0,0.0,0.0,0.0,0.0,0.0,0.0,0.0,0.0,0.0,0.0,0.0,0.0,0.0,0.0,0.0,0.0
e54de1c4-6cdc-4106-ab5d-1d7c745e690f,0.0,0.0,0.0,0.0,0.0,0.0,0.0,0.0,0.0,0.0,0.021879923167110595,0.0,0.14198469853035672,0.032173607308404184,0.0,0.0,0.0,0.0,0.0,0.0,0.0,0.0,0.0,0.0,0.0,0.0,0.0,0.0,0.0,0.0,0.0,0.0,0.0,0.09936957515135601,0.0,0.0,0.0,0.0,0.0,0.0,0.0,0.0,0.0,0.0,0.0,0.0,0.0,0.0,0.0,0.0,0.0,0.0,0.0,0.7045921958427724,0.0,0.0,0.0,0.0,0.0,0.0,0.0,0.0,0.0,0.0,0.0,0.0,0.0,0.0,0.0,0.0,0.0,0.0,0.0,0.0,0.0,0.0,0.0,0.0
02634746-93b2-4cc4-9912-4a6d0bcd2e15,0.0,0.0,0.0,0.0,0.0,0.0,0.0,0.0,0.0,0.0,0.0,0.0,0.20849153698570783,0.23472063187550693,0.0,0.0,0.0,0.0,0.0,0.0,0.0,0.0,0.0,0.0,0.0,0.0,0.0,0.0,0.0,0.0,0.0,0.0,0.0,0.06742510891608075,0.0,0.0,0.0,0.0,0.0,0.00780158514843806,0.0,0.0,0.0,0.0,0.0,0.0,0.0,0.0,0.0,0.0,0.0,0.0,0.0,0.4815611370742665,0.0,0.0,0.0,0.0,0.0,0.0,0.0,0.0,0.0,0.0,0.0,0.0,0.0,0.0,0.0,0.0,0.0,0.0,0.0,0.0,0.0,0.0,0.0,0.0
21bd7197-2504-4710-8c13-a9da9f71b0d5,0.0,0.0,0.0,0.0,0.0,0.0,0.0,0.0,0.0,0.0,0.0,0.0,0.12117173426349562,0.3402964706352083,0.0,0.0,0.0,0.0,0.0,0.0,0.0,0.0,0.0,0.0,0.0,0.0,0.0,0.0,0.0,0.0,0.0,0.0,0.0,0.12784082703610053,0.0,0.0,0.0,0.0,0.0,0.0,0.0,0.0,0.0,0.0,0.0,0.0,0.0,0.0,0.0,0.0,0.0,0.0,0.0,0.4106909680651956,0.0,0.0,0.0,0.0,0.0,0.0,0.0,0.0,0.0,0.0,0.0,0.0,0.0,0.0,0.0,0.0,0.0,0.0,0.0,0.0,0.0,0.0,0.0,0.0
fc4ae4f8-f66b-4137-9821-e579b339cbf6,0.0,0.0,0.0,0.0,0.0,0.0,0.0,0.0,0.0,0.0,0.0,0.0,0.450351038355898,0.06593974681737531,0.0,0.0,0.0,0.0,0.0,0.0,0.0,0.0,0.0,0.0,0.0,0.0,0.0,0.0,0.0,0.0,0.0,0.0,0.0,0.0779824597275849,0.0,0.0,0.0,0.0,0.0,0.0,0.0,0.0,0.0,0.0,0.0,0.0,0.0,0.0,0.0,0.0,0.0,0.0,0.0,0.4057267550991418,0.0,0.0,0.0,0.0,0.0,0.0,0.0,0.0,0.0,0.0,0.0,0.0,0.0,0.0,0.0,0.0,0.0,0.0,0.0,0.0,0.0,0.0,0.0,0.0
478f29b1-6604-4e75-a492-47c384799f44,0.0,0.0,0.0,0.0,0.0,0.0,0.0,0.0,0.0,0.0,0.05596839274835401,0.0,0.0319529525500909,0.4812847527824419,0.0,0.0,0.0,0.0,0.0,0.0,0.0,0.0,0.0,0.0,0.0,0.0,0.0,0.0,0.0,0.0,0.0,0.0,0.0,0.12566555011133249,0.0,0.0,0.0,0.0,0.0,0.0,0.0,0.0,0.0,0.0,0.0,0.0,0.0,0.0,0.0,0.0,0.0,0.0,0.0,0.3051283518077807,0.0,0.0,0.0,0.0,0.0,0.0,0.0,0.0,0.0,0.0,0.0,0.0,0.0,0.0,0.0,0.0,0.0,0.0,0.0,0.0,0.0,0.0,0.0,0.0
a05e93e6-ad8b-4893-b27d-c9cd329ad564,0.0,0.0,0.0,0.0,0.0,0.0,0.0,0.0,0.0,0.047985494473473465,0.0,0.0,0.0,0.0,0.0,0.0,0.0,0.0,0.0,0.0,0.0,0.0,0.0,0.0,0.0,0.0,0.0,0.0,0.0,0.0,0.0,0.0,0.0,0.07574612150616974,0.0,0.0,0.0,0.0,0.0,0.3246315788245928,0.0,0.0,0.0,0.0,0.0,0.0,0.0,0.0,0.0,0.0,0.0,0.0,0.0,0.5516368051957641,0.0,0.0,0.0,0.0,0.0,0.0,0.0,0.0,0.0,0.0,0.0,0.0,0.0,0.0,0.0,0.0,0.0,0.0,0.0,0.0,0.0,0.0,0.0,0.0
c0c52e79-813b-45a9-8021-343aaa6663f6,0.0,0.0,0.0,0.0,0.049988959022909056,0.0,0.0,0.0,0.0,0.0,0.039610687323951836,0.0,0.0,0.269618938661046,0.0,0.0,0.0,0.0,0.0,0.0,0.0,0.0,0.0,0.0,0.0,0.0,0.0,0.0,0.0,0.0,0.0,0.0,0.0,0.17363821637923632,0.0,0.0,0.0,0.0,0.0,0.0,0.0,0.0,0.0,0.0,0.0,0.0,0.0,0.0,0.0,0.0,0.0,0.0,0.0,0.4671431986128568,0.0,0.0,0.0,0.0,0.0,0.0,0.0,0.0,0.0,0.0,0.0,0.0,0.0,0.0,0.0,0.0,0.0,0.0,0.0,0.0,0.0,0.0,0.0,0.0
bb8cff3b-c3e6-4fc9-b9dd-9d04d76458c6,0.0,0.0,0.0,0.0,0.03175976607536431,0.0,0.0,0.0,0.0,0.0,0.0,0.0,0.0,0.27868901630084875,0.0,0.0,0.0,0.0,0.0,0.0,0.0,0.0,0.0,0.0,0.0,0.0,0.0,0.0,0.0,0.0,0.0,0.0,0.0,0.262770088899868,0.0,0.0,0.0,0.0,0.0,0.0,0.0,0.0,0.0,0.0,0.0,0.0,0.0,0.0,0.0,0.0734242764223102,0.0,0.0,0.0,0.35335685230160874,0.0,0.0,0.0,0.0,0.0,0.0,0.0,0.0,0.0,0.0,0.0,0.0,0.0,0.0,0.0,0.0,0.0,0.0,0.0,0.0,0.0,0.0,0.0,0.0
865cda60-ec30-4562-b681-0e90737a97ca,0.0,0.0,0.0,0.0,0.1234647749253269,0.0,0.0,0.0,0.0,0.0022353453584033965,0.0077564122409696755,0.0,0.0,0.24947163969324299,0.0,0.0,0.0,0.0,0.0,0.0,0.0,0.0,0.0,0.0,0.0,0.0,0.0,0.07962077655798268,0.0,0.0,0.0,0.0,0.0,0.09346502983310052,0.0,0.0,0.0,0.0,0.0,0.0,0.0,0.0,0.0,0.0,0.0,0.0,0.0,0.0,0.0,0.0,0.0,0.0,0.0,0.443986021390974,0.0,0.0,0.0,0.0,0.0,0.0,0.0,0.0,0.0,0.0,0.0,0.0,0.0,0.0,0.0,0.0,0.0,0.0,0.0,0.0,0.0,0.0,0.0,0.0
7994d0a6-cef5-4391-a121-5a0853a34fa7,0.0,0.0,0.0,0.0,0.0,0.0,0.0,0.0,0.007554574464616917,0.0,0.0,0.0,0.5710476911535133,0.06181834369445252,0.0,0.0,0.0,0.0,0.0,0.0,0.0,0.0,0.0,0.0,0.0,0.0,0.0,0.0,0.0,0.0,0.0,0.0,0.0,0.07784471683321542,0.0,0.0,0.0,0.0,0.0,0.0,0.0,0.0,0.0,0.0,0.0,0.0,0.0,0.0,0.0,0.0,0.0,0.0,0.0,0.28173467385420187,0.0,0.0,0.0,0.0,0.0,0.0,0.0,0.0,0.0,0.0,0.0,0.0,0.0,0.0,0.0,0.0,0.0,0.0,0.0,0.0,0.0,0.0,0.0,0.0
669abe06-4971-4b44-96ab-3bdf48788054,0.0,0.0,0.0,0.0,0.0,0.0,0.0,0.0,0.0,0.0,0.09200398512005968,0.0,0.09952361603998548,0.24256741679431867,0.0,0.0,0.0,0.0,0.0,0.0,0.0,0.0,0.0,0.0,0.0,0.0,0.0,0.0,0.0,0.0,0.0,0.0,0.0,0.07374072654183765,0.0,0.0,0.0,0.0,0.0,0.0,0.0,0.0,0.0,0.0,0.0,0.0,0.0,0.0,0.0,0.0,0.0,0.0,0.0,0.4921642555037984,0.0,0.0,0.0,0.0,0.0,0.0,0.0,0.0,0.0,0.0,0.0,0.0,0.0,0.0,0.0,0.0,0.0,0.0,0.0,0.0,0.0,0.0,0.0,0.0
b147ea90-5643-4680-ac90-d6e8f7166792,0.0,0.0,0.0,0.0,0.027040746328553897,0.0,0.0,0.0,0.0,0.06552840189937055,0.049749915795268655,0.0,0.0,0.3482315858139553,0.0,0.0,0.0,0.0,0.0,0.0,0.0,0.0,0.0,0.0,0.0,0.0,0.0,0.0,0.0,0.00513059620391469,0.0,0.0,0.0,0.11525093274181605,0.0,0.0,0.0,0.0,0.0,0.0,0.0,0.0,0.0,0.0,0.0,0.0,0.0,0.0,0.0,0.0626093917243843,0.0,0.0,0.0,0.32645842949273646,0.0,0.0,0.0,0.0,0.0,0.0,0.0,0.0,0.0,0.0,0.0,0.0,0.0,0.0,0.0,0.0,0.0,0.0,0.0,0.0,0.0,0.0,0.0,0.0
15b2be7d-bd75-4236-b896-2ef25edd14b8,0.0,0.0,0.0,0.0,0.056367984111056126,0.0,0.0,0.0,0.0,0.0,0.0,0.0,0.0,0.35397542208493893,0.0,0.0,0.0,0.0,0.0,0.0,0.0,0.0,0.0,0.0,0.0,0.0,0.0,0.007967300689756686,0.0,0.0,0.0,0.0,0.0,0.14503628545287703,0.0,0.0,0.0,0.0,0.02248117942629873,0.0,0.0,0.0,0.0,0.0,0.0,0.0,0.0,0.0,0.0,0.1380925838928457,0.0,0.0,0.0,0.2760792443422268,0.0,0.0,0.0,0.0,0.0,0.0,0.0,0.0,0.0,0.0,0.0,0.0,0.0,0.0,0.0,0.0,0.0,0.0,0.0,0.0,0.0,0.0,0.0,0.0
81769d23-74f4-4ca1-8fcf-3e03aa1bf3c9,0.0,0.0,0.0,0.0,0.06729049645302648,0.0,0.0,0.0,0.0,0.0,0.0,0.0,0.0,0.339411512586872,0.0,0.0,0.0,0.0,0.0,0.0,0.0,0.0,0.0,0.0,0.0,0.0,0.0,0.0,0.0,0.0,0.0,0.0,0.0,0.14292920164917025,0.0,0.0,0.0,0.0,0.0,0.0,0.0,0.0,0.0,0.0,0.0,0.0,0.0,0.0,0.0,0.002091453333447542,0.0,0.0,0.0,0.4482773359774837,0.0,0.0,0.0,0.0,0.0,0.0,0.0,0.0,0.0,0.0,0.0,0.0,0.0,0.0,0.0,0.0,0.0,0.0,0.0,0.0,0.0,0.0,0.0,0.0
f3a80377-1d76-4754-8018-45cf49937cb8,0.0,0.0,0.0,0.0,0.0023978094580372157,0.0,0.0,0.0,0.0,0.0,0.003231438205583308,0.0,0.10508930195449967,0.5753155607584218,0.0,0.0,0.0,0.0,0.0,0.0,0.0,0.0,0.0,0.0,0.0,0.0,0.0,0.0,0.0,0.0,0.0,0.0,0.0,0.11536776783616738,0.0,0.0,0.0,0.0,0.0,0.0,0.0,0.0,0.0,0.0,0.0,0.0,0.0,0.0,0.0,0.0,0.0,0.0,0.0,0.1985981217872905,0.0,0.0,0.0,0.0,0.0,0.0,0.0,0.0,0.0,0.0,0.0,0.0,0.0,0.0,0.0,0.0,0.0,0.0,0.0,0.0,0.0,0.0,0.0,0.0
c9b92f8f-4599-47d1-9d12-31e42166a091,0.0,0.0,0.0,0.0,0.0,0.0,0.0,0.0,0.0,0.0,0.0,0.0,0.0,0.16892839730364206,0.0,0.0,0.0,0.0,0.0,0.0,0.0,0.0,0.0,0.0,0.0,0.0,0.0,0.0,0.0,0.0,0.0,0.0,0.0,0.13359313143711055,0.0,0.0,0.0,0.0,0.0,0.19320402601153686,0.0,0.0,0.0,0.0,0.0,0.0,0.0,0.0,0.0,0.0,0.0,0.0,0.0,0.5042744452477106,0.0,0.0,0.0,0.0,0.0,0.0,0.0,0.0,0.0,0.0,0.0,0.0,0.0,0.0,0.0,0.0,0.0,0.0,0.0,0.0,0.0,0.0,0.0,0.0
9dbd2ef7-77da-42ef-90d2-8d30b4330f94,0.0,0.0,0.0,0.0,0.0,0.0,0.0,0.0,0.0,0.037291467063594944,0.09744099225327141,0.0,0.24909487108041872,0.1267010392029998,0.0,0.0,0.0,0.0,0.0,0.0,0.0,0.0,0.0,0.0,0.0,0.0,0.0,0.0,0.0,0.0,0.0,0.0,0.0,0.11234114984350219,0.0,0.0,0.0,0.0,0.0,0.0,0.0,0.0,0.0,0.0,0.0,0.0,0.0,0.0,0.0,0.0,0.0,0.0,0.0,0.37713048055621284,0.0,0.0,0.0,0.0,0.0,0.0,0.0,0.0,0.0,0.0,0.0,0.0,0.0,0.0,0.0,0.0,0.0,0.0,0.0,0.0,0.0,0.0,0.0,0.0
233400c5-6a47-40e2-bf2a-8b7fc9df462b,0.0,0.0,0.0,0.0,0.06932679745961608,0.0,0.0,0.0,0.0,0.02100865112501992,0.012933223132816777,0.0,0.0,0.3783829429079838,0.0,0.0,0.0,0.0,0.0,0.0,0.0,0.0,0.0,0.0,0.0,0.0,0.0,0.0,0.0,0.0,0.0,0.0,0.0,0.14663231511269723,0.0,0.0,0.0,0.0,0.0,0.0,0.0,0.0,0.0,0.0,0.0,0.0,0.0,0.0,0.0,0.0,0.0,0.0,0.0,0.3717160702618662,0.0,0.0,0.0,0.0,0.0,0.0,0.0,0.0,0.0,0.0,0.0,0.0,0.0,0.0,0.0,0.0,0.0,0.0,0.0,0.0,0.0,0.0,0.0,0.0
58b78fa2-7bf7-4735-bcbc-0eef3e5e3d70,0.0,0.0,0.0,0.0,0.0,0.0,0.0,0.0,0.10493754960783518,0.0,0.0,0.0,0.6270728497035759,0.017701691599745707,0.0,0.0,0.0,0.0,0.0,0.0,0.0,0.0,0.0,0.0,0.0,0.0,0.0,0.0,0.0,0.0,0.0,0.0,0.0,0.06817033031061075,0.0,0.0,0.0,0.0,0.0,0.0,0.0,0.0,0.0,0.0,0.0,0.0,0.0,0.0,0.0,0.0,0.0,0.0,0.0,0.18211757877823248,0.0,0.0,0.0,0.0,0.0,0.0,0.0,0.0,0.0,0.0,0.0,0.0,0.0,0.0,0.0,0.0,0.0,0.0,0.0,0.0,0.0,0.0,0.0,0.0
036b18ea-3cf7-4f3e-a84c-c6aea5e4fcd7,0.0,0.0,0.0,0.0,0.0,0.0,0.0,0.0,0.0,0.0,0.001343185128487817,0.0,0.17380321579902716,0.2786073495082363,0.0,0.0,0.0,0.0,0.0,0.0,0.0,0.0,0.0,0.0,0.0,0.0,0.0,0.0,0.0,0.0,0.0,0.0,0.0,0.14956676349786197,0.0,0.0,0.0,0.0,0.0,0.0,0.0,0.0,0.0,0.0,0.0,0.0,0.0,0.0,0.0,0.0,0.0,0.0,0.0,0.3966794860663868,0.0,0.0,0.0,0.0,0.0,0.0,0.0,0.0,0.0,0.0,0.0,0.0,0.0,0.0,0.0,0.0,0.0,0.0,0.0,0.0,0.0,0.0,0.0,0.0
f58f22e9-76b0-441f-951f-6bc795f2b7bc,0.0,0.0,0.0,0.0,0.004090617588262278,0.0,0.0,0.0,0.0,0.0,0.0,0.0,0.5966513979486164,0.07576495523594735,0.0,0.0,0.0,0.0,0.0,0.0,0.0,0.0,0.0,0.0,0.0,0.0,0.0,0.0,0.0,0.0,0.0,0.0,0.0,0.00904157134687672,0.0,0.0,0.0,0.0,0.0,0.0,0.0,0.0,0.0,0.0,0.0,0.0,0.0,0.0,0.0,0.0,0.0,0.0,0.0,0.31445145788029727,0.0,0.0,0.0,0.0,0.0,0.0,0.0,0.0,0.0,0.0,0.0,0.0,0.0,0.0,0.0,0.0,0.0,0.0,0.0,0.0,0.0,0.0,0.0,0.0
b5cbd66f-948d-45a3-af3b-f17e2b35d85e,0.0,0.0,0.0,0.0,0.0,0.0,0.0,0.0,0.0,0.0,0.03347642055977425,0.0,0.0,0.39967455832810506,0.0,0.0,0.0,0.0,0.0,0.0,0.0,0.0,0.0,0.0,0.0,0.0,0.0,0.0,0.0,0.0,0.0,0.0,0.0,0.10114049548421426,0.0,0.0,0.0,0.0,0.0,0.0,0.0,0.0,0.0,0.0,0.0,0.0,0.0,0.0,0.0,0.0,0.0,0.0,0.0,0.46570852562790654,0.0,0.0,0.0,0.0,0.0,0.0,0.0,0.0,0.0,0.0,0.0,0.0,0.0,0.0,0.0,0.0,0.0,0.0,0.0,0.0,0.0,0.0,0.0,0.0
cb262c7c-2646-45e3-bea9-376e48eefe65,0.0,0.0,0.0,0.0,0.1082809511561739,0.0,0.0,0.0,0.0,0.0,0.0,0.0,0.0,0.3051563189977985,0.0,0.0,0.0,0.0,0.0,0.0,0.0,0.0,0.0,0.0,0.0,0.0,0.0,0.0,0.0,0.0,0.0,0.0,0.0,0.17920221689976684,0.0,0.0,0.0,0.0,0.0,0.0,0.0,0.0,0.0,0.0,0.0,0.0,0.0,0.0,0.0,0.0,0.0,0.0,0.0,0.4073605129462607,0.0,0.0,0.0,0.0,0.0,0.0,0.0,0.0,0.0,0.0,0.0,0.0,0.0,0.0,0.0,0.0,0.0,0.0,0.0,0.0,0.0,0.0,0.0,0.0
23e96996-f438-4e81-b3b0-d12a0c046fcd,0.0,0.0,0.0,0.0,0.05858637250520182,0.0,0.0,0.0,0.0,0.0,0.010466158402065204,0.0,0.1755458923604713,0.07000514135845637,0.0,0.0,0.0,0.0,0.0,0.0,0.0,0.0,0.0,0.0,0.0,0.0,0.0,0.0,0.0,0.0,0.0,0.0,0.0,0.11631664735707208,0.0,0.0,0.0,0.0,0.0,0.0,0.0,0.0,0.0,0.0,0.0,0.0,0.0,0.0,0.0,0.0,0.0,0.0,0.0,0.5690797880167332,0.0,0.0,0.0,0.0,0.0,0.0,0.0,0.0,0.0,0.0,0.0,0.0,0.0,0.0,0.0,0.0,0.0,0.0,0.0,0.0,0.0,0.0,0.0,0.0
4b8ff65f-b563-4519-b984-c7cf26b3ad73,0.0,0.0,0.0,0.0,0.06159685503954413,0.0,0.0,0.0,0.0,0.0,0.0024292885212482077,0.0,0.0,0.28573676391056263,0.0,0.0,0.0,0.0,0.0,0.0,0.0,0.0,0.0,0.0,0.0,0.0,0.0,0.0,0.0,0.0,0.0,0.0,0.0,0.11006194310966828,0.0,0.0,0.0,0.0,0.0,0.0,0.0,0.0,0.0,0.0,0.06431132891688351,0.0,0.0,0.0,0.0,0.1395622062179094,0.0,0.0,0.0,0.3363016142841837,0.0,0.0,0.0,0.0,0.0,0.0,0.0,0.0,0.0,0.0,0.0,0.0,0.0,0.0,0.0,0.0,0.0,0.0,0.0,0.0,0.0,0.0,0.0,0.0
882ecf72-433b-46fa-9bc4-628c2d943cd1,0.0,0.0,0.0,0.0,0.06784022211311168,0.0,0.0,0.0,0.0,0.0,0.0,0.0,0.0,0.17471465012719423,0.0,0.0,0.0,0.0,0.0,0.0,0.0,0.0,0.0,0.0,0.0,0.0,0.0,0.0,0.0,0.0,0.0,0.0,0.0,0.2296650818043176,0.0,0.0,0.0,0.0,0.0,0.0,0.0,0.0,0.0,0.0,0.0,0.0,0.0,0.0,0.0,0.0,0.0,0.0,0.0,0.5277800459553766,0.0,0.0,0.0,0.0,0.0,0.0,0.0,0.0,0.0,0.0,0.0,0.0,0.0,0.0,0.0,0.0,0.0,0.0,0.0,0.0,0.0,0.0,0.0,0.0
8eee4228-4d30-480a-8743-5a3d98eb1741,0.0,0.0,0.0,0.0,0.12140897443793609,0.0,0.0,0.0,0.0,0.0,0.0,0.0,0.0,0.26341591668583697,0.0,0.0,0.0,0.0,0.0,0.0,0.0,0.0,0.0,0.0,0.0,0.0,0.0,0.0,0.0,0.0,0.0,0.0,0.0,0.1407231106933146,0.0,0.0,0.0,0.0,0.0,0.0,0.0,0.0,0.0,0.0,0.0,0.0,0.0,0.0,0.0,0.0,0.0,0.0,0.0,0.4744519981829123,0.0,0.0,0.0,0.0,0.0,0.0,0.0,0.0,0.0,0.0,0.0,0.0,0.0,0.0,0.0,0.0,0.0,0.0,0.0,0.0,0.0,0.0,0.0,0.0
082ca353-a5ae-421f-ae58-098257a1425f,0.0,0.0,0.0,0.0,0.0,0.0,0.0,0.0,0.0,0.0,0.006074477413216396,0.0,0.0,0.46938424357282976,0.0,0.0,0.0,0.0,0.0,0.0,0.0,0.0,0.0,0.0,0.0,0.0,0.0,0.0,0.0,0.0,0.0,0.0,0.0,0.1358966646309539,0.0,0.0,0.0,0.0,0.0,0.0,0.0,0.0,0.0,0.0,0.0,0.0,0.0,0.0,0.0,0.0,0.0,0.0,0.0,0.3886446143829999,0.0,0.0,0.0,0.0,0.0,0.0,0.0,0.0,0.0,0.0,0.0,0.0,0.0,0.0,0.0,0.0,0.0,0.0,0.0,0.0,0.0,0.0,0.0,0.0
f6810357-a598-4a39-8cbd-067795b8d860,0.0,0.0,0.0,0.0,0.03605759910700408,0.0,0.0,0.0,0.0,0.0,0.0,0.0,0.0,0.244571328244221,0.0,0.0,0.0,0.0,0.0,0.0,0.0,0.0,0.0,0.0,0.0,0.0,0.0,0.0,0.0,0.0,0.0,0.0,0.0,0.14548587782960784,0.0,0.0,0.0,0.0,0.051856717585099604,0.0,0.0,0.0,0.0,0.0,0.0,0.0,0.0,0.0,0.0,0.2029685869261926,0.0,0.0,0.0,0.3190598903078747,0.0,0.0,0.0,0.0,0.0,0.0,0.0,0.0,0.0,0.0,0.0,0.0,0.0,0.0,0.0,0.0,0.0,0.0,0.0,0.0,0.0,0.0,0.0,0.0
5d10ca47-abc6-4953-9620-1c63542354bf,0.0,0.0,0.0,0.0,0.0,0.0,0.0,0.0,0.0,0.0,0.0,0.0,0.11263503074338183,0.28954462870085906,0.0,0.0,0.0,0.0,0.0,0.0,0.0,0.0,0.0,0.0,0.0,0.0,0.0,0.0,0.0,0.0,0.0,0.0,0.0,0.15634352796287773,0.0,0.0,0.0,0.0,0.0,0.0,0.0,0.0,0.0,0.0,0.0,0.0,0.0,0.0,0.0,0.0,0.0,0.0,0.0,0.44147681259288135,0.0,0.0,0.0,0.0,0.0,0.0,0.0,0.0,0.0,0.0,0.0,0.0,0.0,0.0,0.0,0.0,0.0,0.0,0.0,0.0,0.0,0.0,0.0,0.0
c21aab2a-36a0-464c-aa7d-d0c6937cab29,0.0,0.0,0.0,0.0,0.045327736436282594,0.0,0.0,0.0,0.0,0.0,0.0,0.0,0.0,0.20592446222826166,0.0,0.0,0.0,0.0,0.0,0.0,0.0,0.0,0.0,0.0,0.0,0.0,0.0,0.0,0.0,0.0,0.0,0.0,0.0,0.23952236538509414,0.0,0.0,0.0,0.0,0.09651380170424047,0.0,0.0,0.0,0.0,0.0,0.0,0.0,0.0,0.0,0.0,0.14472896476631808,0.0,0.0,0.0,0.267982669479803,0.0,0.0,0.0,0.0,0.0,0.0,0.0,0.0,0.0,0.0,0.0,0.0,0.0,0.0,0.0,0.0,0.0,0.0,0.0,0.0,0.0,0.0,0.0,0.0
81dabf1f-e666-48c6-a912-2ea5bfecf585,0.0,0.0,0.0,0.0,0.05092487969911102,0.0,0.0,0.0,0.0,0.0,0.03708526246527476,0.0,0.0,0.15598785532615211,0.0,0.0,0.0,0.0,0.0,0.0,0.0,0.0,0.0,0.0,0.0,0.0,0.0,0.0,0.0,0.0,0.0,0.0,0.0,0.15829150042452972,0.0,0.0,0.0,0.0,0.0,0.0,0.0,0.0,0.0,0.0,0.0,0.0,0.0,0.0,0.0,0.0,0.0,0.0,0.0,0.5977105020849326,0.0,0.0,0.0,0.0,0.0,0.0,0.0,0.0,0.0,0.0,0.0,0.0,0.0,0.0,0.0,0.0,0.0,0.0,0.0,0.0,0.0,0.0,0.0,0.0
cfb6e5b0-34ed-4f8a-9057-c48de5e28645,0.0,0.0,0.0,0.0,0.05727943528473477,0.0,0.0,0.0,0.0,0.04497055812321235,0.035483155974606544,0.0,0.0,0.16945282950830548,0.0,0.0,0.0,0.0,0.0,0.0,0.0,0.0,0.0,0.0,0.0,0.0,0.0,0.0,0.0,0.0,0.0,0.0,0.0,0.11119729401028407,0.0,0.0,0.0,0.0,0.0,0.0,0.0,0.0,0.0,0.0,0.04532227109792725,0.0,0.0,0.0,0.0,0.24160125714865444,0.0,0.0,0.0,0.29469319885227513,0.0,0.0,0.0,0.0,0.0,0.0,0.0,0.0,0.0,0.0,0.0,0.0,0.0,0.0,0.0,0.0,0.0,0.0,0.0,0.0,0.0,0.0,0.0,0.0
96607b17-2894-4153-adde-3d970f47fe50,0.0,0.0,0.0,0.0,0.0,0.0,0.0,0.0,0.05364302834440534,0.0,0.0,0.0,0.6678090542924989,0.0,0.0,0.0,0.0,0.0,0.0,0.0,0.0,0.0,0.0,0.0,0.0,0.0,0.0,0.0,0.0,0.0,0.0,0.0,0.0,0.0,0.0,0.0,0.0,0.0,0.0,0.0,0.0,0.0,0.0,0.0,0.0,0.0,0.0,0.0,0.0,0.0,0.0,0.0,0.0,0.27854791736309575,0.0,0.0,0.0,0.0,0.0,0.0,0.0,0.0,0.0,0.0,0.0,0.0,0.0,0.0,0.0,0.0,0.0,0.0,0.0,0.0,0.0,0.0,0.0,0.0
c532cfda-a8fa-4a8a-92ba-33ad8b47404d,0.0,0.0,0.0,0.0,0.0,0.0,0.0,0.0,0.0,0.0,0.033995198867159425,0.0,0.0,0.34125389196819994,0.0,0.0,0.0,0.0,0.0,0.0,0.0,0.0,0.0,0.0,0.0,0.0,0.0,0.0,0.0,0.0,0.0,0.0,0.0,0.201451811922948,0.0,0.0,0.0,0.0,0.0,0.0,0.0,0.0,0.0,0.0,0.0,0.0,0.0,0.0,0.0,0.0,0.0,0.0,0.0,0.42329909724169273,0.0,0.0,0.0,0.0,0.0,0.0,0.0,0.0,0.0,0.0,0.0,0.0,0.0,0.0,0.0,0.0,0.0,0.0,0.0,0.0,0.0,0.0,0.0,0.0
eefba73e-bf2c-4cac-bd29-8ab3d392aa5b,0.0,0.0,0.0,0.0,0.015950913740699738,0.0,0.0,0.0,0.0,0.0,0.02859716864662413,0.0,0.0,0.19083493860039266,0.0,0.0,0.0,0.0,0.0,0.0,0.0,0.0,0.0,0.0,0.0,0.0,0.0,0.0,0.0,0.0,0.0,0.0,0.0,0.17328522672649233,0.0,0.0,0.0,0.0,0.0,0.0,0.0,0.0,0.0,0.0,0.0,0.0,0.0,0.0,0.0,0.0,0.0,0.0,0.0,0.5913317522857912,0.0,0.0,0.0,0.0,0.0,0.0,0.0,0.0,0.0,0.0,0.0,0.0,0.0,0.0,0.0,0.0,0.0,0.0,0.0,0.0,0.0,0.0,0.0,0.0
95a4f9f6-d6c7-4d9d-ae34-e4a91d8927e9,0.0,0.0,0.0,0.0,0.0,0.0,0.0,0.0,0.0,0.0,0.0463866191381036,0.0,0.0,0.2796660142054196,0.0,0.0,0.0,0.0,0.0,0.0,0.0,0.0,0.0,0.0,0.0,0.0,0.0,0.0,0.0,0.0,0.0,0.0,0.0,0.2104087447287524,0.0,0.0,0.0,0.0,0.0,0.0,0.0,0.0,0.0,0.0,0.0,0.0,0.0,0.0,0.0,0.0,0.0,0.0,0.0,0.4635386219277245,0.0,0.0,0.0,0.0,0.0,0.0,0.0,0.0,0.0,0.0,0.0,0.0,0.0,0.0,0.0,0.0,0.0,0.0,0.0,0.0,0.0,0.0,0.0,0.0
995bdb1e-c67e-43eb-9fbd-16eb290926d5,0.0,0.0,0.0,0.0,0.10200013692013934,0.0,0.0,0.0,0.0,0.0,0.0,0.0,0.0,0.05396221300815767,0.0,0.0,0.0,0.0,0.0,0.0,0.0,0.0,0.0,0.0,0.0,0.0,0.0,0.0,0.0,0.0,0.0,0.0,0.0,0.09273600539802572,0.0,0.0,0.0,0.0,0.0,0.10455006450660978,0.0,0.0,0.0,0.0,0.0,0.0,0.0,0.0,0.0,0.0,0.0,0.0,0.0,0.6467515801670674,0.0,0.0,0.0,0.0,0.0,0.0,0.0,0.0,0.0,0.0,0.0,0.0,0.0,0.0,0.0,0.0,0.0,0.0,0.0,0.0,0.0,0.0,0.0,0.0
34631deb-9ed3-49fa-afab-baa0570237cd,0.0,0.0,0.0,0.0,0.0,0.0,0.0,0.0,0.0,0.0,0.035100356224032875,0.0,0.16312407621982408,0.13961647810656272,0.0,0.0,0.0,0.0,0.0,0.0,0.0,0.0,0.0,0.0,0.0,0.0,0.0,0.0,0.0,0.0,0.0,0.0,0.0,0.08974479538136407,0.0,0.0,0.0,0.0,0.0,0.0,0.0,0.0,0.0,0.0,0.0,0.0,0.0,0.0,0.0,0.0,0.0,0.0,0.0,0.5724142940682164,0.0,0.0,0.0,0.0,0.0,0.0,0.0,0.0,0.0,0.0,0.0,0.0,0.0,0.0,0.0,0.0,0.0,0.0,0.0,0.0,0.0,0.0,0.0,0.0
b234d53e-cc20-41c0-9f21-31db53570a37,0.0,0.0,0.0,0.0,0.0,0.0,0.0,0.0,0.0,0.0,0.0,0.0,0.3489808774400005,0.09977129036252333,0.0,0.0,0.0,0.0,0.0,0.0,0.0,0.0,0.0,0.0,0.0,0.0,0.0,0.0,0.0,0.0,0.0,0.0,0.0,0.16946964557657596,0.0,0.0,0.0,0.0,0.0,0.0,0.0,0.0,0.0,0.0,0.0,0.0,0.0,0.0,0.0,0.0,0.0,0.0,0.0,0.3817781866209003,0.0,0.0,0.0,0.0,0.0,0.0,0.0,0.0,0.0,0.0,0.0,0.0,0.0,0.0,0.0,0.0,0.0,0.0,0.0,0.0,0.0,0.0,0.0,0.0
c7afc0d0-ca32-4be1-9477-ad106290c460,0.0,0.0,0.0,0.0,0.016966219694872157,0.0,0.0,0.0,0.0,0.0,0.0,0.0,0.0,0.06560745815756182,0.0,0.0,0.0,0.0,0.0,0.0,0.0,0.0,0.0,0.0,0.0,0.0,0.0,0.0,0.0,0.0,0.0,0.0,0.0,0.054797679865963164,0.0,0.0,0.0,0.0,0.0,0.4061134174896002,0.0,0.0,0.0,0.0,0.0,0.0,0.0,0.0,0.0,0.0,0.0,0.0,0.0,0.45651522479200274,0.0,0.0,0.0,0.0,0.0,0.0,0.0,0.0,0.0,0.0,0.0,0.0,0.0,0.0,0.0,0.0,0.0,0.0,0.0,0.0,0.0,0.0,0.0,0.0
a24d14d9-4f17-4625-93d0-b0624610d83d,0.0,0.0,0.0,0.0,0.049558730229778795,0.0,0.0,0.0,0.0,0.0,0.03178486173113891,0.0,0.0,0.29997339189413263,0.0,0.0,0.0,0.0,0.0,0.0,0.0,0.0,0.0,0.0,0.0,0.0,0.0,0.007346204388303129,0.0,0.0,0.0,0.0,0.0,0.16561270573718292,0.0,0.0,0.0,0.0,0.0,0.0,0.0,0.0,0.0,0.0,0.0,0.0,0.0,0.0,0.0,0.0,0.0,0.0,0.0,0.4457241060194637,0.0,0.0,0.0,0.0,0.0,0.0,0.0,0.0,0.0,0.0,0.0,0.0,0.0,0.0,0.0,0.0,0.0,0.0,0.0,0.0,0.0,0.0,0.0,0.0
e3956736-adbc-49a2-a4a8-a6ae93b8faf3,0.0,0.0,0.0,0.0,0.0,0.0,0.0,0.0,0.0,0.0,0.0,0.0,0.0,0.3036662828973406,0.0,0.0,0.0,0.0,0.0,0.0,0.0,0.0,0.0,0.0,0.0,0.0,0.0,0.0,0.0,0.0,0.0,0.0,0.0,0.15790268987043718,0.0,0.0,0.0,0.0,0.0,0.0,0.0,0.0,0.0,0.0,0.0,0.0,0.0,0.0,0.0,0.0,0.0,0.0,0.0,0.5384310272322222,0.0,0.0,0.0,0.0,0.0,0.0,0.0,0.0,0.0,0.0,0.0,0.0,0.0,0.0,0.0,0.0,0.0,0.0,0.0,0.0,0.0,0.0,0.0,0.0
848fbfa9-1ff6-481f-910f-0423d52763da,0.0,0.0,0.0,0.0,0.10460047506999552,0.0,0.0,0.0,0.0,0.0,0.0,0.0,0.0,0.4270725431901982,0.0,0.0,0.0,0.0,0.0,0.0,0.0,0.0,0.0,0.0,0.0,0.0,0.0,0.0,0.0,0.0,0.0,0.0,0.0,0.11337093918715281,0.0,0.0,0.0,0.0,0.0,0.0,0.0,0.0,0.0,0.0,0.0,0.0,0.0,0.0,0.0,0.0,0.0,0.0,0.0,0.3549560425526535,0.0,0.0,0.0,0.0,0.0,0.0,0.0,0.0,0.0,0.0,0.0,0.0,0.0,0.0,0.0,0.0,0.0,0.0,0.0,0.0,0.0,0.0,0.0,0.0
380a053f-03e4-4773-9e59-5e0af8edd9a5,0.0,0.0,0.0,0.0,0.0,0.0,0.0,0.0,0.0,0.0,0.010565533879030028,0.0,0.3164230080251363,0.21972345755459816,0.0,0.0,0.0,0.0,0.0,0.0,0.0,0.0,0.0,0.0,0.0,0.0,0.0,0.0,0.0,0.05584336923815767,0.0,0.0,0.0,0.07180394379812118,0.0,0.0,0.0,0.0,0.07264185823198988,0.0,0.0,0.0,0.0,0.0,0.0,0.0,0.0,0.0,0.0,0.0,0.0,0.0,0.0,0.25299882927296674,0.0,0.0,0.0,0.0,0.0,0.0,0.0,0.0,0.0,0.0,0.0,0.0,0.0,0.0,0.0,0.0,0.0,0.0,0.0,0.0,0.0,0.0,0.0,0.0
28bb21f0-2851-4b7e-9f8a-6d0a016318e2,0.0,0.0,0.0,0.0,0.0001674935592775772,0.0,0.0,0.0,0.0,0.0,0.0,0.0,0.0,0.0,0.0,0.0,0.0,0.0,0.0,0.0,0.0,0.0,0.0,0.0,0.0,0.0,0.0,0.0,0.0,0.0,0.0,0.0,0.0,0.0707743205859714,0.0,0.0,0.0,0.0,0.0,0.3590713653109651,0.0,0.0,0.0,0.0,0.0,0.0,0.0,0.0,0.0,0.0,0.0,0.0,0.0,0.5699868205437857,0.0,0.0,0.0,0.0,0.0,0.0,0.0,0.0,0.0,0.0,0.0,0.0,0.0,0.0,0.0,0.0,0.0,0.0,0.0,0.0,0.0,0.0,0.0,0.0
e44e2ac3-4a83-40b0-b266-a36626ffd6ae,0.0,0.0,0.0,0.0,0.08286187156452794,0.0,0.0,0.0,0.0,0.0,0.03594120416326918,0.0,0.0,0.2521096028271342,0.0,0.0,0.0,0.0,0.0,0.0,0.0,0.0,0.0,0.0,0.0,0.0,0.0,0.0,0.0,0.0,0.0,0.0,0.0,0.12658320774431764,0.0,0.0,0.0,0.0,0.0,0.0,0.0,0.0,0.0,0.0,0.0,0.0,0.0,0.0,0.0,0.16452128766419272,0.0,0.0,0.0,0.33798282603655855,0.0,0.0,0.0,0.0,0.0,0.0,0.0,0.0,0.0,0.0,0.0,0.0,0.0,0.0,0.0,0.0,0.0,0.0,0.0,0.0,0.0,0.0,0.0,0.0
bec60bdd-34e7-467c-8662-f3a1bb1a4361,0.0,0.0,0.0,0.0,0.0,0.0,0.0,0.0,0.0,0.0,0.0,0.0,0.13606350746400506,0.11059913230312528,0.0,0.0,0.0,0.0,0.0,0.0,0.0,0.0,0.0,0.0,0.0,0.0,0.0,0.0,0.0,0.0,0.0,0.0,0.0,0.15327945601175066,0.0,0.0,0.0,0.0,0.0,0.0,0.0,0.0,0.0,0.0,0.0,0.0,0.0,0.0,0.0,0.0,0.0,0.0,0.0,0.600057904221119,0.0,0.0,0.0,0.0,0.0,0.0,0.0,0.0,0.0,0.0,0.0,0.0,0.0,0.0,0.0,0.0,0.0,0.0,0.0,0.0,0.0,0.0,0.0,0.0
3e698caf-4d86-43f5-b657-5f4cef64fc5f,0.0,0.0,0.0,0.0,0.004686006657917326,0.0,0.0,0.0,0.0,0.0,0.0,0.0,0.0,0.20792470081722955,0.0,0.0,0.0,0.0,0.0,0.0,0.0,0.0,0.0,0.0,0.0,0.0,0.0,0.0,0.0,0.0,0.0,0.0,0.0,0.11050686537451845,0.0,0.0,0.0,0.0,0.0,0.10322831511859099,0.0,0.0,0.0,0.0,0.0,0.0,0.0,0.0,0.0,0.0,0.0,0.0,0.0,0.5736541120317437,0.0,0.0,0.0,0.0,0.0,0.0,0.0,0.0,0.0,0.0,0.0,0.0,0.0,0.0,0.0,0.0,0.0,0.0,0.0,0.0,0.0,0.0,0.0,0.0
79378590-e28e-403b-bbde-c76c0195a980,0.0,0.0,0.0,0.0,0.0,0.0,0.0,0.0,0.0,0.0,0.04132384087593378,0.0,0.1177729857834977,0.2520757200333575,0.0,0.0,0.0,0.0,0.0,0.0,0.0,0.0,0.0,0.0,0.0,0.0,0.0,0.0,0.0,0.0,0.0,0.0,0.0,0.0635806692381539,0.0,0.0,0.0,0.0,0.0,0.0,0.0,0.0,0.0,0.0,0.11441080544433152,0.0,0.0,0.0,0.0,0.02718089131164053,0.0,0.0,0.0,0.383655087313085,0.0,0.0,0.0,0.0,0.0,0.0,0.0,0.0,0.0,0.0,0.0,0.0,0.0,0.0,0.0,0.0,0.0,0.0,0.0,0.0,0.0,0.0,0.0,0.0
d6ef326a-e3c6-42ad-84b9-3f7f07313101,0.0,0.0,0.0,0.0,0.0,0.0,0.0,0.0,0.05109488392864107,0.0,0.027773718697190027,0.0,0.5414371706968537,0.0,0.0,0.0,0.0,0.0,0.0,0.0,0.0,0.0,0.0,0.0,0.0,0.0,0.0,0.0,0.0,0.0,0.0,0.0,0.0,0.027545990886304293,0.0,0.0,0.0,0.0,0.0,0.0,0.0,0.0,0.0,0.0,0.0,0.0,0.0,0.0,0.0,0.0,0.0,0.0,0.0,0.35214823579101096,0.0,0.0,0.0,0.0,0.0,0.0,0.0,0.0,0.0,0.0,0.0,0.0,0.0,0.0,0.0,0.0,0.0,0.0,0.0,0.0,0.0,0.0,0.0,0.0
ffc73551-55e9-4bbb-bd15-76088551964b,0.0,0.0,0.0,0.0,0.04964301212369631,0.0,0.0,0.0,0.1233234467800795,0.0,0.024116800777640817,0.0,0.2893086209362462,0.14799736820397144,0.0,0.0,0.0,0.0,0.0,0.0,0.0,0.0,0.0,0.0,0.0,0.0,0.0,0.0,0.0,0.0,0.0,0.0,0.0,0.07216895301459664,0.0,0.0,0.0,0.0,0.0,0.0,0.0,0.0,0.0,0.0,0.0,0.0,0.0,0.0,0.0,0.07466074143233328,0.0,0.0,0.0,0.21878105673143589,0.0,0.0,0.0,0.0,0.0,0.0,0.0,0.0,0.0,0.0,0.0,0.0,0.0,0.0,0.0,0.0,0.0,0.0,0.0,0.0,0.0,0.0,0.0,0.0
e08f84fe-0013-4734-9966-cd734e6fedc5,0.0,0.0,0.0,0.0,0.04595234144454516,0.0,0.0,0.0,0.0,0.0,0.0,0.0,0.0,0.19136407845509062,0.0,0.0,0.0,0.0,0.0,0.0,0.0,0.0,0.0,0.0,0.0,0.0,0.0,0.0,0.0,0.0,0.0,0.0,0.0,0.10638931848721998,0.0,0.0,0.0,0.0,0.0,0.0,0.0,0.0,0.0,0.0,0.020612956829163316,0.0,0.0,0.0,0.0,0.2974600374137487,0.0,0.0,0.0,0.33822126737023217,0.0,0.0,0.0,0.0,0.0,0.0,0.0,0.0,0.0,0.0,0.0,0.0,0.0,0.0,0.0,0.0,0.0,0.0,0.0,0.0,0.0,0.0,0.0,0.0
6cf73307-dcf9-43fb-8848-618ae5c1723b,0.0,0.0,0.0,0.0,0.0,0.0,0.0,0.0,0.0,0.0,0.0,0.0,0.0,0.296241272378332,0.0,0.0,0.0,0.0,0.0,0.0,0.0,0.0,0.0,0.0,0.0,0.0,0.0,0.0,0.0,0.0,0.0,0.0,0.0,0.28286268568343637,0.0,0.0,0.0,0.0,0.0,0.0,0.0,0.0,0.0,0.0,0.0,0.0,0.0,0.0,0.0,0.0,0.0,0.0,0.0,0.4208960419382317,0.0,0.0,0.0,0.0,0.0,0.0,0.0,0.0,0.0,0.0,0.0,0.0,0.0,0.0,0.0,0.0,0.0,0.0,0.0,0.0,0.0,0.0,0.0,0.0
0fc33d1f-3cee-4481-b7a2-15b53ff85083,0.0,0.0,0.0,0.0,0.0971351512239812,0.0,0.0,0.0,0.0,0.0,0.0,0.0,0.007874105262513186,0.286069213790295,0.0,0.0,0.0,0.0,0.0,0.0,0.0,0.0,0.0,0.0,0.0,0.0,0.0,0.15360763143744116,0.0,0.0,0.0,0.0,0.0,0.059193421295511195,0.0,0.0,0.0,0.0,0.08647588537772767,0.0,0.0,0.0,0.0,0.0,0.0,0.0,0.0,0.0,0.0,0.11680644717237125,0.0,0.0,0.0,0.19283814444015926,0.0,0.0,0.0,0.0,0.0,0.0,0.0,0.0,0.0,0.0,0.0,0.0,0.0,0.0,0.0,0.0,0.0,0.0,0.0,0.0,0.0,0.0,0.0,0.0
c00bdbdc-a65d-494d-a9d7-4309c28277ca,0.0,0.0,0.0,0.0,0.0,0.0,0.0,0.0,0.0,0.0,0.015128465974829244,0.0,0.2369207145785823,0.25597604221053843,0.0,0.0,0.0,0.0,0.0,0.0,0.0,0.0,0.0,0.0,0.0,0.0,0.0,0.0,0.0,0.0,0.0,0.0,0.0,0.15262047357765673,0.0,0.0,0.0,0.0,0.0,0.0,0.0,0.0,0.0,0.0,0.0,0.0,0.0,0.0,0.0,0.0,0.0,0.0,0.0,0.3393543036583933,0.0,0.0,0.0,0.0,0.0,0.0,0.0,0.0,0.0,0.0,0.0,0.0,0.0,0.0,0.0,0.0,0.0,0.0,0.0,0.0,0.0,0.0,0.0,0.0
9072cf34-8632-4b57-acc8-58e8fe21c136,0.0,0.0,0.0,0.0,0.0,0.0,0.0,0.0,0.0,0.0,0.0,0.0,0.0,0.0,0.0,0.0,0.0,0.0,0.0,0.0,0.0,0.0,0.0,0.0,0.0,0.0,0.0,0.0,0.0,0.0,0.0,0.0,0.0,0.19984944508241786,0.0,0.0,0.0,0.0,0.0,0.0,0.0,0.0,0.0,0.0,0.0,0.0,0.0,0.0,0.0,0.0,0.0,0.0,0.0,0.800150554917582,0.0,0.0,0.0,0.0,0.0,0.0,0.0,0.0,0.0,0.0,0.0,0.0,0.0,0.0,0.0,0.0,0.0,0.0,0.0,0.0,0.0,0.0,0.0,0.0
f6f9ed0d-2b3c-45b7-b214-853b5a207bac,0.0,0.0,0.0,0.0,0.05431927480795102,0.0,0.0,0.0,0.0,0.0,0.0,0.0,0.0831517356443268,0.29667201426060585,0.0,0.0,0.0,0.0,0.0,0.0,0.0,0.0,0.0,0.0,0.0,0.0,0.0,0.0,0.0,0.0,0.0,0.0,0.0,0.1525640026047802,0.0,0.0,0.0,0.0,0.0,0.0,0.0,0.0,0.0,0.0,0.0,0.0,0.0,0.0,0.0,0.0,0.0,0.0,0.0,0.41329297268233617,0.0,0.0,0.0,0.0,0.0,0.0,0.0,0.0,0.0,0.0,0.0,0.0,0.0,0.0,0.0,0.0,0.0,0.0,0.0,0.0,0.0,0.0,0.0,0.0
f81ce06d-8ace-4f19-aaf8-75a4219a5a60,0.0,0.0,0.0,0.010602320319899423,0.0016948609058246736,0.0,0.0,0.0,0.10183231887345624,0.034566877166454506,0.0,0.0,0.0,0.09493615995773272,0.0,0.0,0.0,0.0,0.0,0.0,0.0,0.0,0.0,0.0,0.0,0.0,0.0,0.0,0.0,0.050286614752209254,0.0,0.0,0.03392406529859438,0.034627916798357854,0.0,0.0,0.0,0.0,0.1762229497072378,0.0,0.0,0.0,0.0,0.0,0.18712859892184378,0.0,0.0,0.0,0.0,0.1807066901021946,0.0,0.0,0.0,0.09347062719619473,0.0,0.0,0.0,0.0,0.0,0.0,0.0,0.0,0.0,0.0,0.0,0.0,0.0,0.0,0.0,0.0,0.0,0.0,0.0,0.0,0.0,0.0,0.0,0.0
d5fe3b27-c6a6-4a35-a173-3f7b73c2ed14,0.0,0.0,0.0,0.0,0.0,0.0,0.0,0.0,0.0,0.0,0.0,0.0,0.12780980569331077,0.3365975498924757,0.0,0.0,0.0,0.0,0.0,0.0,0.0,0.0,0.0,0.0,0.0,0.0,0.0,0.0,0.0,0.0,0.0,0.0,0.0,0.04297629984288731,0.0,0.0,0.0,0.0,0.21878280877222686,0.0,0.0,0.0,0.0,0.0,0.0,0.0,0.0,0.0,0.0,0.0,0.0,0.0,0.0,0.2738335357990992,0.0,0.0,0.0,0.0,0.0,0.0,0.0,0.0,0.0,0.0,0.0,0.0,0.0,0.0,0.0,0.0,0.0,0.0,0.0,0.0,0.0,0.0,0.0,0.0
d3988699-70d6-43e1-b84b-9e38b4d2d2b1,0.0,0.0,0.0,0.0,0.0,0.0,0.0,0.0,0.0,0.0,0.0,0.0,0.0,0.0,0.0,0.0,0.0,0.0,0.0,0.0,0.0,0.0,0.0,0.0,0.0,0.0,0.0,0.0,0.0,0.0,0.0,0.0,0.0,0.08715121858308361,0.0,0.0,0.0,0.0,0.0,0.33427199355686443,0.0,0.0,0.0,0.0,0.0,0.0,0.0,0.0,0.0,0.0,0.0,0.0,0.0,0.578576787860052,0.0,0.0,0.0,0.0,0.0,0.0,0.0,0.0,0.0,0.0,0.0,0.0,0.0,0.0,0.0,0.0,0.0,0.0,0.0,0.0,0.0,0.0,0.0,0.0
e4ad3f09-7e23-4a84-b8f3-3faf2db890f4,0.0,0.0,0.0,0.0,0.0,0.0,0.0,0.0,0.0,0.0,0.07625661240665377,0.0,0.025201021051230618,0.2571635437487363,0.0,0.0,0.0,0.0,0.0,0.0,0.0,0.0,0.0,0.0,0.0,0.0,0.0,0.0,0.0,0.0,0.0,0.0,0.0,0.11437858051318996,0.0,0.0,0.0,0.0,0.0,0.0,0.0,0.0,0.0,0.0,0.03333806101931831,0.0,0.0,0.0,0.0,0.03195416028071676,0.0,0.0,0.0,0.46170802098015434,0.0,0.0,0.0,0.0,0.0,0.0,0.0,0.0,0.0,0.0,0.0,0.0,0.0,0.0,0.0,0.0,0.0,0.0,0.0,0.0,0.0,0.0,0.0,0.0
48f730a5-26c3-4716-964e-36fa9af26966,0.0,0.0,0.0,0.0,0.0,0.0,0.0,0.0,0.0,0.0,0.1268343306307773,0.0,0.05567757868481312,0.0,0.0,0.0,0.1556986421771662,0.0,0.0,0.0,0.0,0.0,0.0,0.0,0.0,0.0,0.0,0.0,0.0,0.0,0.0,0.0,0.0,0.06718990956726076,0.0,0.0,0.0,0.0,0.0,0.0,0.0,0.0,0.0,0.0,0.0,0.0,0.0,0.0,0.0,0.0,0.0,0.0,0.0,0.5945995389399825,0.0,0.0,0.0,0.0,0.0,0.0,0.0,0.0,0.0,0.0,0.0,0.0,0.0,0.0,0.0,0.0,0.0,0.0,0.0,0.0,0.0,0.0,0.0,0.0
cb97312b-0bd2-4fbd-b3a6-05c5a17a0a34,0.0,0.0,0.0,0.0,0.0,0.0,0.0,0.0,0.0,0.0,0.07971049507446906,0.0,0.10307218033530344,0.30657221109156396,0.0,0.0,0.0,0.0,0.0,0.0,0.0,0.0,0.0,0.0,0.0,0.0,0.0,0.034818920932329335,0.0,0.0,0.0,0.0,0.0,0.09564414102623459,0.0,0.0,0.0,0.0,0.0,0.0,0.0,0.0,0.0,0.0,0.0,0.0,0.0,0.0,0.0,0.0,0.0,0.0,0.0,0.38018205154009965,0.0,0.0,0.0,0.0,0.0,0.0,0.0,0.0,0.0,0.0,0.0,0.0,0.0,0.0,0.0,0.0,0.0,0.0,0.0,0.0,0.0,0.0,0.0,0.0
b5f20ec2-ff5d-4aac-8db6-49887506f0b3,0.0,0.0,0.0,0.0,0.0,0.0,0.0,0.0,0.0,0.012953790035780703,0.0,0.0,0.08374309282259088,0.0,0.0,0.0,0.1573443268262827,0.0,0.0,0.0,0.0,0.0,0.0,0.0,0.0,0.0,0.0,0.0,0.0,0.0,0.0,0.0,0.0,0.08546327949600378,0.0,0.0,0.0,0.0,0.0,0.0,0.0,0.0,0.0,0.0,0.0,0.0,0.0,0.0,0.0,0.06122172923248729,0.0,0.0,0.0,0.5992737815868546,0.0,0.0,0.0,0.0,0.0,0.0,0.0,0.0,0.0,0.0,0.0,0.0,0.0,0.0,0.0,0.0,0.0,0.0,0.0,0.0,0.0,0.0,0.0,0.0
b351345a-18c2-42ed-8911-c37267c9cb58,0.0,0.0,0.0,0.0,0.04365134862388536,0.0,0.0,0.0,0.0,0.0,0.0,0.0,0.0066060381988488045,0.34157671769053816,0.0,0.0,0.0,0.0,0.0,0.0,0.0,0.0,0.0,0.0,0.0,0.0,0.0,0.18244446601802283,0.0,0.0,0.0,0.0,0.0,0.061246397878189196,0.0,0.0,0.0,0.0,0.10768947209048423,0.0,0.0,0.0,0.0,0.0,0.0,0.0,0.0,0.0,0.0,0.0,0.0,0.0,0.0,0.2567855595000314,0.0,0.0,0.0,0.0,0.0,0.0,0.0,0.0,0.0,0.0,0.0,0.0,0.0,0.0,0.0,0.0,0.0,0.0,0.0,0.0,0.0,0.0,0.0,0.0
05924106-07f6-44ca-ba15-7452b8a657e4,0.0,0.0,0.0,0.0,0.0,0.0,0.0,0.0,0.0,0.0,0.0,0.0,0.3100369895427667,0.024671471230695515,0.0,0.0,0.0,0.0,0.0,0.0,0.0,0.0,0.0,0.0,0.0,0.0,0.0,0.0,0.0,0.0,0.0,0.0,0.0,0.12197018486620745,0.0,0.0,0.0,0.0,0.0,0.0,0.0,0.0,0.0,0.0,0.0,0.0,0.0,0.0,0.0,0.0,0.0,0.0,0.0,0.5433213543603305,0.0,0.0,0.0,0.0,0.0,0.0,0.0,0.0,0.0,0.0,0.0,0.0,0.0,0.0,0.0,0.0,0.0,0.0,0.0,0.0,0.0,0.0,0.0,0.0
a85837e6-f98d-4a80-b7c1-49b0a6313dd7,0.0,0.0,0.0,0.0,0.06739044385803543,0.0,0.0,0.0,0.0,0.0,0.005904510260936105,0.0,0.0527870293647061,0.146735098565048,0.0,0.0,0.0,0.0,0.0,0.0,0.0,0.0,0.0,0.0,0.0,0.0,0.0,0.0,0.0,0.0,0.0,0.0,0.0,0.13325254411688023,0.0,0.0,0.0,0.0,0.0,0.0,0.0,0.0,0.0,0.0,0.0,0.0,0.0,0.0,0.0,0.055995649126680994,0.0,0.0,0.0,0.5379347247077131,0.0,0.0,0.0,0.0,0.0,0.0,0.0,0.0,0.0,0.0,0.0,0.0,0.0,0.0,0.0,0.0,0.0,0.0,0.0,0.0,0.0,0.0,0.0,0.0
008ddf20-f7fb-4673-b2ed-b5d5212fbf09,0.0,0.0,0.0,0.0,0.03443964467332686,0.0,0.0,0.0,0.0,0.04585993086477271,0.0,0.0,0.0,0.16651015993924323,0.0,0.0,0.0,0.0,0.0,0.0,0.0,0.0,0.0,0.0,0.0,0.0,0.0,0.0,0.0,0.0,0.0,0.0,0.0,0.15676321265819343,0.0,0.0,0.0,0.0,0.0,0.0,0.0,0.0,0.0,0.0,0.0,0.0,0.0,0.0,0.0,0.2589051627901063,0.0,0.0,0.0,0.33752188907435765,0.0,0.0,0.0,0.0,0.0,0.0,0.0,0.0,0.0,0.0,0.0,0.0,0.0,0.0,0.0,0.0,0.0,0.0,0.0,0.0,0.0,0.0,0.0,0.0
cf2e5c6a-a7d8-428f-800a-fb94dcfc5fe4,0.0,0.0,0.0,0.0,0.0,0.0,0.0,0.0,0.0,0.0,0.08075748677227346,0.0,0.0,0.3559430661377652,0.0,0.0,0.0,0.0,0.0,0.0,0.0,0.0,0.0,0.0,0.0,0.0,0.0,0.0,0.0,0.0,0.0,0.0,0.0,0.1277271970784646,0.0,0.0,0.0,0.0,0.0,0.0,0.0,0.0,0.0,0.0,0.0,0.0,0.0,0.0,0.0,0.0,0.0,0.0,0.0,0.4355722500114968,0.0,0.0,0.0,0.0,0.0,0.0,0.0,0.0,0.0,0.0,0.0,0.0,0.0,0.0,0.0,0.0,0.0,0.0,0.0,0.0,0.0,0.0,0.0,0.0
68449d03-6f2e-4b17-a2bf-c0494df32303,0.0,0.0,0.0,0.0,0.024322785811870428,0.0,0.0,0.0,0.0,0.0,0.08802384142289327,0.0,0.0,0.26987090722885365,0.0,0.0,0.0,0.0,0.0,0.0,0.0,0.0,0.0,0.0,0.0,0.0,0.0,0.0,0.0,0.0,0.0,0.0,0.0,0.14617197295608417,0.0,0.0,0.0,0.0,0.0,0.0,0.0,0.0,0.0,0.0,0.0,0.0,0.0,0.0,0.0,0.0,0.0,0.0,0.0,0.4716104925802986,0.0,0.0,0.0,0.0,0.0,0.0,0.0,0.0,0.0,0.0,0.0,0.0,0.0,0.0,0.0,0.0,0.0,0.0,0.0,0.0,0.0,0.0,0.0,0.0
d442e36b-6d15-4fc3-9641-5feac119db94,0.0,0.0,0.0,0.0,0.0,0.0,0.0,0.0,0.0,0.0,0.0,0.0,0.29803647589176047,0.20443316252692198,0.0,0.0,0.0,0.0,0.0,0.0,0.0,0.0,0.0,0.0,0.0,0.0,0.0,0.0,0.0,0.0,0.0,0.0,0.0,0.06165103050914257,0.0,0.0,0.0,0.0,0.0,0.0,0.0,0.0,0.0,0.0,0.0,0.0,0.0,0.0,0.0,0.07389707219312365,0.0,0.0,0.0,0.3619822588790512,0.0,0.0,0.0,0.0,0.0,0.0,0.0,0.0,0.0,0.0,0.0,0.0,0.0,0.0,0.0,0.0,0.0,0.0,0.0,0.0,0.0,0.0,0.0,0.0
404dafe8-369c-4659-a088-c85dccb7ad3b,0.0,0.0,0.0,0.0,0.0589495995656682,0.0,0.0,0.0,0.0,0.0,0.01860706087090825,0.0,0.0,0.3213519011392497,0.0,0.0,0.0,0.0,0.0,0.0,0.0,0.0,0.0,0.0,0.0,0.0,0.0,0.0,0.0,0.0,0.0,0.0,0.0,0.18524940673373222,0.02601032667696228,0.0,0.0,0.0,0.0,0.0,0.0,0.0,0.0,0.0,0.0,0.0,0.0,0.0,0.0,0.13923283987385615,0.0,0.0,0.0,0.25059886513962315,0.0,0.0,0.0,0.0,0.0,0.0,0.0,0.0,0.0,0.0,0.0,0.0,0.0,0.0,0.0,0.0,0.0,0.0,0.0,0.0,0.0,0.0,0.0,0.0
a2aee2ef-c3c6-4832-bc3f-3648575af5c6,0.0,0.0,0.0,0.0,0.0,0.0,0.0,0.0,0.0,0.0,0.09654497197591053,0.0,0.343653555881886,0.0,0.0,0.0,0.0,0.0,0.0,0.0,0.0,0.0,0.0,0.0,0.0,0.0,0.0,0.0,0.0,0.0,0.0,0.0,0.0,0.039428999398619574,0.0,0.0,0.0,0.0,0.0,0.0,0.0,0.0,0.0,0.0,0.0,0.0,0.0,0.0,0.0,0.0,0.0,0.0,0.0,0.5203724727435839,0.0,0.0,0.0,0.0,0.0,0.0,0.0,0.0,0.0,0.0,0.0,0.0,0.0,0.0,0.0,0.0,0.0,0.0,0.0,0.0,0.0,0.0,0.0,0.0
1d9e9adc-734a-47a3-ad00-b3050770ba37,0.0,0.0,0.0,0.0,0.06885713306726013,0.0,0.0,0.0,0.0,0.0042568176037562,0.0,0.0,0.0,0.17721298806664995,0.0,0.0,0.0,0.0,0.0,0.0,0.0,0.0,0.0,0.0,0.0,0.0,0.0,0.0,0.0,0.0,0.0,0.0,0.0,0.07837796878619954,0.0,0.0,0.0,0.0,0.0829718896505533,0.0,0.0,0.0,0.0,0.0,0.09493930554345678,0.0,0.0,0.0,0.0,0.2996390488523482,0.0,0.0,0.0,0.19374484842977585,0.0,0.0,0.0,0.0,0.0,0.0,0.0,0.0,0.0,0.0,0.0,0.0,0.0,0.0,0.0,0.0,0.0,0.0,0.0,0.0,0.0,0.0,0.0,0.0
dd37ccd0-31d9-4605-8b8e-618bedc80c38,0.0,0.0,0.0,0.0,0.0,0.0,0.0,0.0,0.0,0.0,0.0,0.0,0.13402529173819777,0.2853878119828124,0.0,0.0,0.0,0.0,0.0,0.0,0.0,0.0,0.1373450061578622,0.0,0.0,0.0,0.0,0.0,0.0,0.0,0.0,0.0,0.0,0.07889589995837912,0.0,0.0,0.0,0.0,0.0,0.0,0.0,0.0,0.0,0.0,0.0,0.0,0.0,0.0,0.0,0.0,0.0,0.0,0.0,0.36434599016274855,0.0,0.0,0.0,0.0,0.0,0.0,0.0,0.0,0.0,0.0,0.0,0.0,0.0,0.0,0.0,0.0,0.0,0.0,0.0,0.0,0.0,0.0,0.0,0.0
7cf64c74-47e6-4913-b91b-25198e36b7c8,0.0,0.0,0.0,0.0,0.0,0.0,0.0,0.0,0.0,0.04862936548793584,0.0989412707520128,0.0,0.21656367727097176,0.3130519197964843,0.0,0.0,0.0,0.0,0.0,0.0,0.0,0.0,0.0,0.0,0.0,0.0,0.0,0.004914942203997848,0.0,0.0,0.0,0.0,0.0,0.03643117610193153,0.0,0.0,0.0,0.0,0.0,0.0,0.0,0.0,0.0,0.0,0.0,0.0,0.0,0.0,0.0,0.0,0.0,0.0,0.0,0.28146764838666605,0.0,0.0,0.0,0.0,0.0,0.0,0.0,0.0,0.0,0.0,0.0,0.0,0.0,0.0,0.0,0.0,0.0,0.0,0.0,0.0,0.0,0.0,0.0,0.0
2216fd35-fea8-4d0c-9673-fbe2146fb40c,0.0,0.0,0.0,0.0,0.0,0.0,0.0,0.0,0.26416184048306995,0.0,0.0,0.0,0.46894039536095256,0.0,0.0,0.0,0.0,0.0,0.0,0.0,0.0,0.0,0.0,0.0,0.0,0.0,0.0,0.0,0.0,0.0,0.0,0.0,0.0,0.06812560073168678,0.0,0.0,0.0,0.0,0.0,0.0,0.0,0.0,0.0,0.0,0.0,0.0,0.0,0.0,0.0,0.0,0.0,0.0,0.0,0.1987721634242908,0.0,0.0,0.0,0.0,0.0,0.0,0.0,0.0,0.0,0.0,0.0,0.0,0.0,0.0,0.0,0.0,0.0,0.0,0.0,0.0,0.0,0.0,0.0,0.0
3c25d91d-0e1b-46db-a842-06275c5db258,0.0,0.0,0.0,0.0,0.0,0.0,0.0,0.0,0.0483116614093579,0.11784046621292368,0.0,0.0,0.04456249898432509,0.34658667814746963,0.0,0.0,0.0,0.0,0.0,0.0,0.0,0.0,0.0,0.0,0.0,0.0,0.0,0.0,0.0,0.0,0.0,0.0,0.0,0.17090686300829785,0.0,0.0,0.0,0.0,0.0,0.0,0.0,0.0,0.0,0.0,0.0,0.0,0.0,0.0,0.0,0.0,0.0,0.0,0.0,0.2717918322376259,0.0,0.0,0.0,0.0,0.0,0.0,0.0,0.0,0.0,0.0,0.0,0.0,0.0,0.0,0.0,0.0,0.0,0.0,0.0,0.0,0.0,0.0,0.0,0.0
638b78d6-4523-4dd3-8d8a-8c46682f3fd1,0.0,0.0,0.0,0.0,0.024823507370351095,0.0,0.0,0.0,0.0,0.051638856221052035,0.0,0.0,0.0,0.32525692175086085,0.0,0.0,0.0,0.0,0.0,0.0,0.0,0.0,0.0,0.0,0.0,0.0,0.0,0.0,0.0,0.0,0.0,0.0,0.0,0.2897455902740133,0.0,0.0,0.0,0.0,0.0,0.0,0.0,0.0,0.0,0.0,0.0,0.0,0.0,0.0,0.0,0.0,0.0,0.0,0.0,0.3085351243837227,0.0,0.0,0.0,0.0,0.0,0.0,0.0,0.0,0.0,0.0,0.0,0.0,0.0,0.0,0.0,0.0,0.0,0.0,0.0,0.0,0.0,0.0,0.0,0.0
ba9a95cf-44ce-4126-ba21-4970dfa12593,0.0,0.0,0.0,0.0,0.0,0.0,0.0,0.0,0.0,0.0,0.0,0.0,0.0,0.0,0.0,0.0,0.0,0.0,0.0,0.0,0.0,0.0,0.0,0.0,0.0,0.0,0.0,0.0,0.0,0.0,0.0,0.0,0.0,0.03818033504332613,0.0,0.0,0.0,0.0,0.0,0.39193971692326784,0.0,0.0,0.0,0.0,0.0,0.0,0.0,0.0,0.0,0.0,0.0,0.0,0.0,0.5698799480334059,0.0,0.0,0.0,0.0,0.0,0.0,0.0,0.0,0.0,0.0,0.0,0.0,0.0,0.0,0.0,0.0,0.0,0.0,0.0,0.0,0.0,0.0,0.0,0.0
64f0c38f-7f87-4c4b-9e37-66f32645dde4,0.0,0.0,0.0,0.0,0.0,0.0,0.0,0.0,0.0571735084197288,0.0,0.0,0.0,0.215966343902141,0.2595395098710367,0.0,0.0,0.0,0.0,0.0,0.0,0.0,0.0,0.0,0.0,0.0,0.0,0.0,0.0,0.0,0.0,0.0,0.0,0.0,0.054772328497596764,0.0,0.0,0.0,0.0,0.14213937958378373,0.0,0.0,0.0,0.0,0.0,0.0,0.0,0.0,0.0,0.0,0.0,0.0,0.0,0.0,0.27040892972571295,0.0,0.0,0.0,0.0,0.0,0.0,0.0,0.0,0.0,0.0,0.0,0.0,0.0,0.0,0.0,0.0,0.0,0.0,0.0,0.0,0.0,0.0,0.0,0.0
a45a91f6-55a5-4a5e-ba54-0ac0b4e87d8c,0.0,0.0,0.0,0.0,0.12146174019150577,0.0,0.0,0.0,0.0,0.0,0.0,0.0,0.0560601468995318,0.2616068358402629,0.0,0.0,0.0,0.0,0.0,0.0,0.0,0.0,0.0,0.0,0.0,0.0,0.0,0.0,0.0,0.0,0.0,0.0,0.0,0.10691360659463968,0.0,0.0,0.0,0.0,0.0,0.0,0.0,0.0,0.0,0.0,0.0,0.0,0.0,0.0,0.0,0.12338349971377188,0.0,0.0,0.0,0.33057417076028783,0.0,0.0,0.0,0.0,0.0,0.0,0.0,0.0,0.0,0.0,0.0,0.0,0.0,0.0,0.0,0.0,0.0,0.0,0.0,0.0,0.0,0.0,0.0,0.0
31ac4afd-8195-479a-97da-92edaa89a85e,0.0,0.0,0.0,0.0,0.05217045742782749,0.0,0.0,0.0,0.0,0.0,0.0,0.0,0.0,0.20888286673474782,0.0,0.0,0.0,0.0,0.0,0.0,0.0,0.0,0.0,0.0,0.0,0.0,0.0,0.0,0.0,0.0,0.0,0.0,0.0,0.12527329644072585,0.0,0.0,0.0,0.0,0.3226979729455912,0.0,0.0,0.0,0.0,0.0,0.0,0.0,0.0,0.0,0.0,0.11473846546118546,0.0,0.0,0.0,0.1762369409899223,0.0,0.0,0.0,0.0,0.0,0.0,0.0,0.0,0.0,0.0,0.0,0.0,0.0,0.0,0.0,0.0,0.0,0.0,0.0,0.0,0.0,0.0,0.0,0.0
646631ce-7a1f-4274-abb7-780b939e182f,0.0,0.0,0.0,0.0,0.06711682672871758,0.0,0.0,0.0,0.0,0.0,0.0,0.0,0.0,0.1596270747277352,0.0,0.0,0.0,0.0,0.0,0.0,0.0,0.0,0.0,0.0,0.0,0.0,0.0,0.0,0.0,0.0,0.0,0.0,0.0,0.160850425937345,0.0,0.0,0.0,0.0,0.0,0.0,0.0,0.0,0.0,0.0,0.0,0.0,0.0,0.0,0.0,0.0,0.0,0.0,0.0,0.6124056726062022,0.0,0.0,0.0,0.0,0.0,0.0,0.0,0.0,0.0,0.0,0.0,0.0,0.0,0.0,0.0,0.0,0.0,0.0,0.0,0.0,0.0,0.0,0.0,0.0
8e57db50-eb17-4d95-8806-081290ea3cfc,0.0,0.0,0.0,0.0,0.0,0.0,0.0,0.0,0.0,0.0,0.0,0.0,0.0,0.2580432262576701,0.0,0.0,0.0,0.0,0.0,0.0,0.0,0.0,0.0,0.0,0.0,0.0,0.0,0.0,0.0,0.0,0.0,0.0,0.0,0.09553544815071266,0.0,0.0,0.0,0.0,0.08654650599483055,0.13741582820369616,0.0,0.0,0.0,0.0,0.0,0.0,0.0,0.0,0.0,0.0,0.0,0.0,0.0,0.4224589913930905,0.0,0.0,0.0,0.0,0.0,0.0,0.0,0.0,0.0,0.0,0.0,0.0,0.0,0.0,0.0,0.0,0.0,0.0,0.0,0.0,0.0,0.0,0.0,0.0
75343469-9740-4b3f-83f9-82507f697fd9,0.0,0.0,0.0,0.0,0.0,0.0,0.0,0.0,0.0,0.0,0.0160339893755709,0.0,0.0,0.31566480149060955,0.0,0.0,0.0,0.0,0.0,0.0,0.0,0.0,0.0,0.0,0.0,0.0,0.0,0.0,0.0,0.0,0.0,0.0,0.0,0.10225280688913464,0.0,0.0,0.0,0.0,0.0,0.047609271406942114,0.0,0.0,0.0,0.0,0.05108865103716155,0.0,0.0,0.0,0.0,0.0,0.0,0.0,0.0,0.4673504798005813,0.0,0.0,0.0,0.0,0.0,0.0,0.0,0.0,0.0,0.0,0.0,0.0,0.0,0.0,0.0,0.0,0.0,0.0,0.0,0.0,0.0,0.0,0.0,0.0
558a239b-fe8b-4b56-9137-4cacf8324995,0.0,0.0,0.0,0.0,0.0,0.0,0.0,0.0,0.0,0.0,0.0,0.0,0.0,0.0725681129045687,0.0,0.0,0.0,0.0,0.0,0.0,0.0,0.0,0.0,0.0,0.0,0.0,0.0,0.0,0.0,0.0,0.0,0.0,0.0,0.15869615936522577,0.0,0.0,0.0,0.0,0.0,0.0,0.0,0.0,0.0,0.0,0.0,0.0,0.0,0.0,0.0,0.0,0.0,0.0,0.0,0.7687357277302054,0.0,0.0,0.0,0.0,0.0,0.0,0.0,0.0,0.0,0.0,0.0,0.0,0.0,0.0,0.0,0.0,0.0,0.0,0.0,0.0,0.0,0.0,0.0,0.0
67cf58e9-203e-455a-a25d-5e38d08028bc,0.0,0.0,0.0,0.0,0.0,0.0,0.0,0.0,0.0,0.0,0.0,0.0,0.0,0.04704094564155747,0.0,0.0,0.0,0.0,0.0,0.0,0.0,0.0,0.0,0.0,0.0,0.0,0.0,0.0,0.0,0.0,0.0,0.0,0.0,0.033000103199068626,0.0,0.0,0.0,0.0,0.0,0.40800980169860834,0.0,0.0,0.0,0.0,0.0,0.0,0.0,0.0,0.0,0.0,0.0,0.0,0.0,0.5119491494607656,0.0,0.0,0.0,0.0,0.0,0.0,0.0,0.0,0.0,0.0,0.0,0.0,0.0,0.0,0.0,0.0,0.0,0.0,0.0,0.0,0.0,0.0,0.0,0.0
3997c824-8b85-4e1d-b4b1-d32c26155296,0.0,0.0,0.0,0.0,0.040400715865117634,0.0,0.0,0.0,0.0,0.0,0.0,0.0,0.0,0.0,0.0,0.0,0.0,0.0,0.0,0.0,0.0,0.0,0.0,0.0,0.0,0.0,0.0,0.0,0.0,0.0,0.0,0.0,0.0,0.060560957241752277,0.0,0.0,0.0,0.0,0.0,0.34323389534120385,0.0,0.0,0.0,0.0,0.0,0.0,0.0,0.0,0.0,0.0,0.0,0.0,0.0,0.5558044315519262,0.0,0.0,0.0,0.0,0.0,0.0,0.0,0.0,0.0,0.0,0.0,0.0,0.0,0.0,0.0,0.0,0.0,0.0,0.0,0.0,0.0,0.0,0.0,0.0
088c2e4e-fc4e-4252-84ed-e3ca2c401958,0.0,0.0,0.0,0.0,0.0,0.0,0.0,0.0,0.0,0.0,0.0,0.0,0.06469346419693094,0.4032180134077724,0.0,0.0,0.0,0.0,0.0,0.0,0.0,0.0,0.0,0.0,0.0,0.0,0.0,0.0,0.0,0.0,0.0,0.0,0.0,0.15402886995599457,0.0,0.0,0.0,0.0,0.0,0.0,0.0,0.0,0.0,0.0,0.0,0.0,0.0,0.0,0.0,0.0,0.0,0.0,0.0,0.37805965243930206,0.0,0.0,0.0,0.0,0.0,0.0,0.0,0.0,0.0,0.0,0.0,0.0,0.0,0.0,0.0,0.0,0.0,0.0,0.0,0.0,0.0,0.0,0.0,0.0
6d271451-affa-4c76-bce5-6bf8622d83a9,0.0,0.0,0.0,0.0,0.07218664845727449,0.0,0.0,0.0,0.0,0.0,0.02992348312594718,0.0,0.006918925878242582,0.2992776152877918,0.0,0.0,0.0,0.0,0.0,0.0,0.0,0.0,0.0,0.0,0.0,0.0,0.0,0.0,0.0,0.0,0.0,0.0,0.0,0.13667496053778108,0.0,0.0,0.0,0.0,0.0,0.0,0.0,0.0,0.0,0.0,0.0,0.0,0.0,0.0,0.0,0.0,0.0,0.0,0.0,0.45501836671296286,0.0,0.0,0.0,0.0,0.0,0.0,0.0,0.0,0.0,0.0,0.0,0.0,0.0,0.0,0.0,0.0,0.0,0.0,0.0,0.0,0.0,0.0,0.0,0.0
137dfe0a-2a2b-423c-9a8a-78233b6ead74,0.0,0.0,0.0,0.0,0.024953066308899,0.0,0.0,0.0,0.0,0.0,0.0,0.0,0.0,0.21936585158821265,0.0,0.0,0.0,0.0,0.0,0.0,0.0,0.0,0.0,0.0,0.0,0.0,0.0,0.0,0.0,0.0,0.0,0.0,0.0,0.0976572121128441,0.0,0.0,0.0,0.0,0.02207872233036071,0.0,0.0,0.0,0.0,0.0,0.012757413514057712,0.0,0.0,0.0,0.0,0.3743929176341805,0.0,0.0,0.0,0.24879481651144536,0.0,0.0,0.0,0.0,0.0,0.0,0.0,0.0,0.0,0.0,0.0,0.0,0.0,0.0,0.0,0.0,0.0,0.0,0.0,0.0,0.0,0.0,0.0,0.0
153bc9ff-39c9-4890-a085-a46c530a7e97,0.0,0.0,0.0,0.0,0.0,0.0,0.0,0.0,0.0,0.0,0.12494483387392766,0.0,0.0,0.2644333505232631,0.0,0.0,0.0,0.0,0.0,0.0,0.0,0.0,0.0,0.0,0.0,0.0,0.0,0.0,0.0,0.0,0.0,0.0,0.0,0.13115505484103787,0.0,0.0,0.0,0.0,0.0,0.0,0.0,0.0,0.0,0.0,0.0,0.0,0.0,0.0,0.0,0.0,0.0,0.0,0.0,0.4794667607617715,0.0,0.0,0.0,0.0,0.0,0.0,0.0,0.0,0.0,0.0,0.0,0.0,0.0,0.0,0.0,0.0,0.0,0.0,0.0,0.0,0.0,0.0,0.0,0.0
3f67b6bc-8886-459a-be73-d702f977a8ba,0.0,0.0,0.0,0.0,0.03911292952942093,0.0,0.0,0.0,0.0,0.0,0.0,0.0,0.0,0.21948135037955666,0.0,0.0,0.0,0.0,0.0,0.0,0.0,0.0,0.0,0.0,0.0,0.0,0.0,0.05014274865931349,0.0,0.0,0.0,0.0,0.0,0.14133319398505306,0.0,0.0,0.0,0.0,0.0,0.0,0.0,0.0,0.0,0.0,0.0,0.0,0.0,0.0,0.0,0.2011558124137556,0.0,0.0,0.0,0.34877396503290026,0.0,0.0,0.0,0.0,0.0,0.0,0.0,0.0,0.0,0.0,0.0,0.0,0.0,0.0,0.0,0.0,0.0,0.0,0.0,0.0,0.0,0.0,0.0,0.0
300fa3a7-3c42-4edc-8992-400188e762b4,0.0,0.0,0.0,0.0,0.035845938812178915,0.0,0.0,0.0,0.0,0.0,0.0,0.0,0.22425138805860861,0.2753623490257732,0.0,0.0,0.0,0.0,0.0,0.0,0.0,0.0,0.0,0.0,0.0,0.0,0.0,0.0,0.0,0.0,0.0,0.0,0.0,0.18053875198043728,0.0,0.0,0.0,0.0,0.0,0.0,0.0,0.0,0.0,0.0,0.0,0.0,0.0,0.0,0.0,0.0,0.0,0.0,0.0,0.28400157212300203,0.0,0.0,0.0,0.0,0.0,0.0,0.0,0.0,0.0,0.0,0.0,0.0,0.0,0.0,0.0,0.0,0.0,0.0,0.0,0.0,0.0,0.0,0.0,0.0
b8492e1a-aa02-4585-a5be-75f9833c8c3f,0.0,0.0,0.0,0.0,0.0,0.0,0.0,0.0,0.0,0.01835633894598752,0.0,0.0,0.0,0.3351949603947101,0.0,0.0,0.0,0.0,0.0,0.0,0.0,0.0,0.0,0.0,0.0,0.0,0.0,0.0,0.0,0.0,0.0,0.0,0.0,0.2350639370354337,0.0,0.0,0.0,0.0,0.0928898557059176,0.0,0.0,0.0,0.0,0.0,0.0,0.0,0.0,0.0,0.0,0.1082201479770554,0.0,0.0,0.0,0.21027475994089567,0.0,0.0,0.0,0.0,0.0,0.0,0.0,0.0,0.0,0.0,0.0,0.0,0.0,0.0,0.0,0.0,0.0,0.0,0.0,0.0,0.0,0.0,0.0,0.0
b4bc4666-13ba-4864-be9b-89ff8a0a1bd8,0.0,0.0,0.0,0.0,0.05895772629908516,0.0,0.0,0.0,0.0,0.07169612743926128,0.0,0.0,0.0,0.36140747841264304,0.0,0.0,0.0,0.0,0.0,0.0,0.0,0.0,0.0,0.0,0.0,0.0,0.0,0.0,0.0,0.0,0.0,0.0,0.0,0.18342775368522177,0.0,0.0,0.0,0.0,0.0,0.0,0.0,0.0,0.0,0.0,0.0,0.0,0.0,0.0,0.0,0.015625393730032605,0.0,0.0,0.0,0.30888552043375617,0.0,0.0,0.0,0.0,0.0,0.0,0.0,0.0,0.0,0.0,0.0,0.0,0.0,0.0,0.0,0.0,0.0,0.0,0.0,0.0,0.0,0.0,0.0,0.0
06d713a5-61fe-450b-bb81-721ab8aa0013,0.0,0.0,0.0,0.0,0.0,0.0,0.0,0.0,0.0,0.0,0.05921054868193372,0.0,0.020713431415728442,0.3469634398866128,0.0,0.0,0.0,0.0,0.0,0.0,0.0,0.0,0.0,0.0,0.0,0.0,0.0,0.0,0.0,0.0,0.0,0.0,0.0,0.11714593631158667,0.0,0.0,0.0,0.0,0.0,0.0,0.0,0.0,0.0,0.0,0.0,0.0,0.0,0.0,0.0,0.0,0.0,0.0,0.0,0.45596664370413836,0.0,0.0,0.0,0.0,0.0,0.0,0.0,0.0,0.0,0.0,0.0,0.0,0.0,0.0,0.0,0.0,0.0,0.0,0.0,0.0,0.0,0.0,0.0,0.0
f95063bc-a640-4980-99a7-84645902daf4,0.0,0.0,0.0,0.0,0.01140096337436483,0.0,0.0,0.0,0.0,0.15064144718829142,0.026933687854989244,0.0,0.07583258093131234,0.2693884960544844,0.0,0.0,0.0,0.0,0.0,0.0,0.0,0.0,0.0,0.0,0.0,0.0,0.0,0.0,0.0,0.0,0.0,0.0,0.0,0.07959824865709936,0.0,0.0,0.0,0.0,0.0,0.0,0.0,0.0,0.0,0.0,0.0,0.0,0.0,0.0,0.0,0.0,0.0,0.0,0.0,0.3862045759394585,0.0,0.0,0.0,0.0,0.0,0.0,0.0,0.0,0.0,0.0,0.0,0.0,0.0,0.0,0.0,0.0,0.0,0.0,0.0,0.0,0.0,0.0,0.0,0.0
ab60901b-d2ad-401a-9742-52df35ce1de0,0.0,0.0,0.0,0.0,0.0581057180297078,0.0,0.0,0.0,0.0,0.0,0.0,0.0,0.07353195313491707,0.19494305984845664,0.0,0.0,0.0,0.0,0.0,0.0,0.0,0.0,0.0,0.0,0.0,0.0,0.0,0.0,0.0,0.0,0.0,0.0,0.0,0.0498166471714034,0.0,0.0,0.0,0.0,0.08859518366784004,0.0,0.0,0.0,0.0,0.0,0.09263200908737708,0.0,0.0,0.0,0.0,0.25797826354659675,0.0,0.0,0.0,0.18439716551370114,0.0,0.0,0.0,0.0,0.0,0.0,0.0,0.0,0.0,0.0,0.0,0.0,0.0,0.0,0.0,0.0,0.0,0.0,0.0,0.0,0.0,0.0,0.0,0.0
b1c32911-5ca8-4b77-8063-a97c30a3a348,0.0,0.0,0.0,0.0,0.0,0.0,0.0,0.0,0.0,0.013766415935840725,0.026703012241076487,0.0,0.0,0.3671597817050278,0.0,0.0,0.0,0.0,0.0,0.0,0.0,0.0,0.0,0.0,0.0,0.0,0.0,0.0,0.0,0.0,0.0,0.0,0.0,0.20729338592907548,0.0,0.0,0.0,0.0,0.0,0.0,0.0,0.0,0.0,0.0,0.0,0.0,0.0,0.0,0.0,0.0,0.0,0.0,0.0,0.3850774041889797,0.0,0.0,0.0,0.0,0.0,0.0,0.0,0.0,0.0,0.0,0.0,0.0,0.0,0.0,0.0,0.0,0.0,0.0,0.0,0.0,0.0,0.0,0.0,0.0
898a092e-89fe-4010-afea-14c605f99481,0.0,0.0,0.0,0.0,0.0,0.0,0.0,0.0,0.0,0.0,0.07747036530674968,0.0,0.0,0.34135650611433643,0.0,0.0,0.0,0.0,0.0,0.0,0.0,0.0,0.0,0.0,0.0,0.0,0.0,0.0,0.0,0.0,0.0,0.0,0.0,0.1831024963734621,0.0,0.0,0.0,0.0,0.0,0.0,0.0,0.0,0.0,0.0,0.04449680501475464,0.0,0.0,0.0,0.0,0.0,0.0,0.0,0.0,0.3535738271906972,0.0,0.0,0.0,0.0,0.0,0.0,0.0,0.0,0.0,0.0,0.0,0.0,0.0,0.0,0.0,0.0,0.0,0.0,0.0,0.0,0.0,0.0,0.0,0.0
5ece14fd-3d7f-4ecb-96aa-2c44d8f15ca4,0.0,0.0,0.0,0.0,0.025793664808937494,0.0,0.0,0.0,0.0,0.0,0.0,0.0,0.28947595388500597,0.16421345838762963,0.0,0.0,0.0,0.0,0.0,0.0,0.0,0.0,0.0,0.0,0.0,0.0,0.0,0.0,0.0,0.0,0.0,0.0,0.0,0.12979894793645608,0.0,0.0,0.0,0.0,0.0,0.0,0.0,0.0,0.0,0.0,0.0,0.0,0.0,0.0,0.0,0.0,0.0,0.0,0.0,0.3907179749819709,0.0,0.0,0.0,0.0,0.0,0.0,0.0,0.0,0.0,0.0,0.0,0.0,0.0,0.0,0.0,0.0,0.0,0.0,0.0,0.0,0.0,0.0,0.0,0.0
27bb612c-a74a-4088-b0ea-1dbe28e7a725,0.0,0.0,0.0,0.0,0.0,0.0,0.0,0.0,0.0,0.0,0.0,0.0,0.40712941903859895,0.07965827776243459,0.0,0.0,0.0,0.0,0.0,0.0,0.0,0.0,0.0,0.0,0.0,0.0,0.0,0.0,0.0,0.0,0.0,0.0,0.0,0.09417452227380155,0.0,0.0,0.0,0.0,0.0,0.0,0.0,0.0,0.0,0.0,0.0,0.0,0.0,0.0,0.0,0.0,0.0,0.0,0.0,0.41903778092516486,0.0,0.0,0.0,0.0,0.0,0.0,0.0,0.0,0.0,0.0,0.0,0.0,0.0,0.0,0.0,0.0,0.0,0.0,0.0,0.0,0.0,0.0,0.0,0.0
ce7e25dc-5df9-48c5-8f9f-756f6cf765eb,0.0,0.0,0.0,0.0,0.0,0.0,0.0,0.0,0.0,0.019665211061511353,0.0,0.0,0.0,0.34113338598534015,0.0,0.0,0.0,0.0,0.0,0.0,0.0,0.0,0.0,0.0,0.0,0.0,0.0,0.0,0.0,0.0,0.0,0.0,0.0,0.19740694791767463,0.0,0.0,0.0,0.0,0.0,0.02960705320015082,0.0,0.0,0.0,0.0,0.0,0.0,0.0,0.0,0.0,0.0,0.0,0.0,0.0,0.41218740183532315,0.0,0.0,0.0,0.0,0.0,0.0,0.0,0.0,0.0,0.0,0.0,0.0,0.0,0.0,0.0,0.0,0.0,0.0,0.0,0.0,0.0,0.0,0.0,0.0
ffc915b8-cacd-4974-a040-ee496f0efc0e,0.0,0.0,0.0,0.0,0.0,0.0,0.0,0.0,0.0,0.0,0.0,0.0,0.0,0.27609622384342836,0.0,0.0,0.0,0.0,0.0,0.0,0.0,0.0,0.0,0.0,0.0,0.0,0.0,0.0,0.0,0.0,0.0,0.0,0.0,0.0889691432134371,0.0,0.0,0.0,0.0,0.0,0.1872419147806072,0.0,0.0,0.0,0.0,0.0,0.0,0.0,0.0,0.0,0.0,0.0,0.0,0.0,0.4476927181625275,0.0,0.0,0.0,0.0,0.0,0.0,0.0,0.0,0.0,0.0,0.0,0.0,0.0,0.0,0.0,0.0,0.0,0.0,0.0,0.0,0.0,0.0,0.0,0.0
96686a1a-16d0-4cdc-b1f7-5dbbf4cf1c9f,0.0,0.0,0.0,0.0,0.018229671468426547,0.0,0.0,0.0,0.0,0.0,0.0004951461025731298,0.0,0.0,0.35348827219851375,0.0,0.0,0.0,0.0,0.0,0.0,0.0,0.0,0.0,0.0,0.0,0.0,0.0,0.002791103942376195,0.0,0.0,0.0,0.0,0.0,0.10635011314578856,0.0,0.0,0.0,0.0,0.0,0.07996990856944272,0.0,0.0,0.0,0.0,0.0,0.0,0.0,0.0,0.0,0.0,0.0,0.0,0.0,0.4386757845728791,0.0,0.0,0.0,0.0,0.0,0.0,0.0,0.0,0.0,0.0,0.0,0.0,0.0,0.0,0.0,0.0,0.0,0.0,0.0,0.0,0.0,0.0,0.0,0.0
66392380-a9fe-45b7-9191-60993f3f77f4,0.0,0.0,0.0,0.0,0.05043964036831061,0.0,0.0,0.0,0.0,0.0,0.0,0.0,0.0,0.0640072511241359,0.0,0.0,0.0,0.0,0.0,0.0,0.0,0.0,0.0,0.0,0.0,0.0,0.0,0.0,0.0,0.0,0.0,0.0,0.0,0.10697600200809318,0.0,0.0,0.0,0.0,0.0,0.3021270577356604,0.0,0.0,0.0,0.0,0.0,0.0,0.0,0.0,0.0,0.0,0.0,0.0,0.0,0.4764500487638,0.0,0.0,0.0,0.0,0.0,0.0,0.0,0.0,0.0,0.0,0.0,0.0,0.0,0.0,0.0,0.0,0.0,0.0,0.0,0.0,0.0,0.0,0.0,0.0
196d4b0c-a4ec-4915-b706-ada86ab483ae,0.0,0.0,0.0,0.0,0.0,0.0,0.0,0.0,0.0,0.0,0.0,0.0,0.17744351124763197,0.25502093032020223,0.0,0.0,0.0,0.0,0.0,0.0,0.0,0.0,0.0,0.0,0.0,0.0,0.0,0.0,0.0,0.0,0.0,0.0,0.0,0.12781955711810794,0.0,0.0,0.0,0.0,0.0,0.0,0.0,0.0,0.0,0.0,0.0,0.0,0.0,0.0,0.0,0.0,0.0,0.0,0.0,0.4397160013140579,0.0,0.0,0.0,0.0,0.0,0.0,0.0,0.0,0.0,0.0,0.0,0.0,0.0,0.0,0.0,0.0,0.0,0.0,0.0,0.0,0.0,0.0,0.0,0.0
be6dd0e8-9966-4961-987d-4d64d15ff9ca,0.0,0.0,0.0,0.0,0.0,0.0,0.0,0.0,0.1420538323087297,0.0,0.0,0.0,0.8579461676912703,0.0,0.0,0.0,0.0,0.0,0.0,0.0,0.0,0.0,0.0,0.0,0.0,0.0,0.0,0.0,0.0,0.0,0.0,0.0,0.0,0.0,0.0,0.0,0.0,0.0,0.0,0.0,0.0,0.0,0.0,0.0,0.0,0.0,0.0,0.0,0.0,0.0,0.0,0.0,0.0,0.0,0.0,0.0,0.0,0.0,0.0,0.0,0.0,0.0,0.0,0.0,0.0,0.0,0.0,0.0,0.0,0.0,0.0,0.0,0.0,0.0,0.0,0.0,0.0,0.0
ef009667-aaaf-4138-a170-e446012e0930,0.0,0.0,0.0,0.0,0.0,0.0,0.0,0.0,0.0,0.0,0.0,0.0,0.07381730752146592,0.4654682742375476,0.0,0.0,0.0,0.0,0.0,0.0,0.0,0.0,0.0,0.0,0.0,0.0,0.0,0.0,0.0,0.0,0.0,0.0,0.0,0.18380251200670167,0.0,0.0,0.0,0.0,0.0,0.0,0.0,0.0,0.0,0.0,0.0,0.0,0.0,0.0,0.0,0.0,0.0,0.0,0.0,0.2769119062342848,0.0,0.0,0.0,0.0,0.0,0.0,0.0,0.0,0.0,0.0,0.0,0.0,0.0,0.0,0.0,0.0,0.0,0.0,0.0,0.0,0.0,0.0,0.0,0.0
5b846aad-6133-4133-a78b-65be81332cb4,0.0,0.0,0.0,0.0,0.04835418081169529,0.0,0.0,0.0,0.0,0.0,0.011767379528858594,0.0,0.0,0.4736152483680355,0.0,0.0,0.0,0.0,0.0,0.0,0.0,0.0,0.0,0.0,0.0,0.0,0.0,0.0,0.0,0.0,0.0,0.0,0.0,0.13275012397918043,0.0,0.0,0.0,0.0,0.0,0.0,0.0,0.0,0.0,0.0,0.0,0.0,0.0,0.0,0.0,0.0,0.0,0.0,0.0,0.33351306731223024,0.0,0.0,0.0,0.0,0.0,0.0,0.0,0.0,0.0,0.0,0.0,0.0,0.0,0.0,0.0,0.0,0.0,0.0,0.0,0.0,0.0,0.0,0.0,0.0
fcc2192a-1f54-49c5-b3e6-e9bd8025df67,0.0,0.0,0.0,0.0,0.0,0.0,0.0,0.0,0.0,0.005357961338679107,0.0,0.0,0.0,0.30228356778866416,0.0,0.0,0.0,0.0,0.0,0.0,0.0,0.0,0.0,0.0,0.0,0.0,0.0,0.0,0.0,0.1750343067686038,0.0,0.0,0.0,0.26412511433211877,0.0,0.0,0.0,0.0,0.0,0.0,0.0,0.0,0.0,0.0,0.0,0.0,0.0,0.0,0.0,0.0,0.0,0.0,0.0,0.2531990497719342,0.0,0.0,0.0,0.0,0.0,0.0,0.0,0.0,0.0,0.0,0.0,0.0,0.0,0.0,0.0,0.0,0.0,0.0,0.0,0.0,0.0,0.0,0.0,0.0
5088a594-ae6e-4f03-8cfd-97d9c62b2196,0.0,0.0,0.0,0.0,0.1633083160452137,0.0,0.0,0.0,0.0,0.0,0.0,0.0,0.0,0.1915897682313176,0.0,0.0,0.0,0.0,0.0,0.0,0.0,0.0,0.0,0.0,0.0,0.0,0.0,0.0,0.0,0.0,0.0,0.0,0.0,0.1584423105909391,0.0,0.0,0.0,0.0,0.0,0.0,0.0,0.0,0.0,0.0,0.0,0.0,0.0,0.0,0.0,0.11475735231266537,0.0,0.0,0.0,0.3719022528198641,0.0,0.0,0.0,0.0,0.0,0.0,0.0,0.0,0.0,0.0,0.0,0.0,0.0,0.0,0.0,0.0,0.0,0.0,0.0,0.0,0.0,0.0,0.0,0.0
e5a70f71-1dd4-49e5-9113-1404fa9fc791,0.0,0.0,0.0,0.0,0.010058940704281745,0.0,0.0,0.0,0.0,0.0,0.026944526748891133,0.0,0.0,0.15753221217887256,0.0,0.0,0.0,0.0,0.0,0.0,0.0,0.0,0.0,0.0,0.0,0.0,0.0,0.0,0.0,0.0,0.0,0.0,0.0,0.1185759969848597,0.0,0.0,0.0,0.0,0.0,0.06032642174547795,0.0,0.0,0.0,0.0,0.0,0.0,0.0,0.0,0.0,0.0,0.0,0.0,0.0,0.6265619016376169,0.0,0.0,0.0,0.0,0.0,0.0,0.0,0.0,0.0,0.0,0.0,0.0,0.0,0.0,0.0,0.0,0.0,0.0,0.0,0.0,0.0,0.0,0.0,0.0
810d293b-7dfc-4e91-ab29-042457632399,0.0,0.0,0.0,0.0,0.17269197812814907,0.0,0.0,0.0,0.0,0.0,0.0,0.0,0.0,0.27475768480767915,0.0,0.0,0.0,0.0,0.0,0.0,0.0,0.0,0.0,0.0,0.0,0.0,0.0,0.0,0.0,0.0,0.0,0.0,0.0,0.15449058010296404,0.0,0.0,0.0,0.0,0.0,0.0,0.0,0.0,0.0,0.0,0.0,0.0,0.0,0.0,0.0,0.0,0.0,0.0,0.0,0.39805975696120766,0.0,0.0,0.0,0.0,0.0,0.0,0.0,0.0,0.0,0.0,0.0,0.0,0.0,0.0,0.0,0.0,0.0,0.0,0.0,0.0,0.0,0.0,0.0,0.0
11ed5289-050e-434a-a24e-79854b0d9dcc,0.0,0.0,0.0,0.0,0.11258754122382385,0.0,0.0,0.0,0.0,0.0,0.0028475626510698435,0.0,0.0,0.2265480609777888,0.0,0.0,0.0,0.0,0.0,0.0,0.0,0.0,0.0,0.0,0.0,0.0,0.0,0.0,0.0,0.0,0.0,0.0,0.0,0.2004140462678388,0.0,0.0,0.0,0.0,0.0,0.0,0.0,0.0,0.0,0.0,0.0,0.0,0.0,0.0,0.0,0.0,0.0,0.0,0.0,0.4576027888794787,0.0,0.0,0.0,0.0,0.0,0.0,0.0,0.0,0.0,0.0,0.0,0.0,0.0,0.0,0.0,0.0,0.0,0.0,0.0,0.0,0.0,0.0,0.0,0.0
c5f2311c-020a-47cd-a065-7fbc34488405,0.0,0.0,0.0,0.0,0.0,0.0,0.0,0.0,0.3831347688088724,0.0,0.0,0.0,0.38961191762226927,0.0,0.0,0.0,0.0,0.0,0.0,0.0,0.0,0.0,0.0,0.0,0.0,0.0,0.0,0.0,0.0,0.0,0.0,0.0,0.0,0.04700541298954337,0.0,0.0,0.0,0.0,0.0,0.0,0.0,0.0,0.0,0.0,0.0,0.0,0.0,0.0,0.0,0.0,0.0,0.0,0.0,0.18024790057931503,0.0,0.0,0.0,0.0,0.0,0.0,0.0,0.0,0.0,0.0,0.0,0.0,0.0,0.0,0.0,0.0,0.0,0.0,0.0,0.0,0.0,0.0,0.0,0.0
a42bc793-f21d-45d1-9ab3-bfa9de25612e,0.0,0.0,0.0,0.0,0.02551308651297846,0.0,0.0,0.0,0.0,0.0,0.0,0.0,0.0,0.23826050706354218,0.0,0.0,0.0,0.0,0.0,0.0,0.0,0.0,0.0,0.0,0.0,0.0,0.0,0.0,0.0,0.0,0.0,0.0,0.0,0.11385441523379873,0.0,0.0,0.0,0.0,0.0,0.0,0.0,0.0,0.0,0.0,0.08770226326915115,0.0,0.0,0.0,0.0,0.1681653779331332,0.0,0.0,0.0,0.36650434998739634,0.0,0.0,0.0,0.0,0.0,0.0,0.0,0.0,0.0,0.0,0.0,0.0,0.0,0.0,0.0,0.0,0.0,0.0,0.0,0.0,0.0,0.0,0.0,0.0
46692ac0-8993-4cd3-9590-32ec9dd2c802,0.0,0.0,0.0,0.0,0.0,0.0,0.0,0.0,0.0,0.0,0.030170571431696398,0.0,0.007339666136546335,0.29089685528171716,0.0,0.0,0.0,0.0,0.0,0.0,0.0,0.0,0.0,0.0,0.0,0.0,0.0,0.0,0.0,0.0,0.0,0.0,0.0,0.10709937767805879,0.0,0.0,0.0,0.0,0.0,0.0,0.0,0.0,0.0,0.0,0.0,0.0,0.0,0.0,0.0,0.0,0.0,0.0,0.0,0.5644935294719813,0.0,0.0,0.0,0.0,0.0,0.0,0.0,0.0,0.0,0.0,0.0,0.0,0.0,0.0,0.0,0.0,0.0,0.0,0.0,0.0,0.0,0.0,0.0,0.0
88765a3f-631d-4e47-a012-e2470633a505,0.0,0.0,0.0,0.0,0.0,0.0,0.0,0.0,0.0867499464039346,0.0,0.0,0.0,0.7416107506659485,0.0,0.0,0.0,0.0,0.0,0.0,0.0,0.0,0.0,0.0,0.0,0.0,0.0,0.0,0.0,0.0,0.0,0.0,0.0,0.0,0.019674099483881137,0.0,0.0,0.0,0.0,0.0,0.0,0.0,0.0,0.0,0.0,0.0,0.0,0.0,0.0,0.0,0.0,0.0,0.0,0.0,0.15196520344623585,0.0,0.0,0.0,0.0,0.0,0.0,0.0,0.0,0.0,0.0,0.0,0.0,0.0,0.0,0.0,0.0,0.0,0.0,0.0,0.0,0.0,0.0,0.0,0.0
83ae044d-2975-478c-902c-776858c2ba3a,0.0,0.0,0.0,0.0,0.0,0.0,0.0,0.0,0.0,0.0,0.0,0.0,0.0,0.3050136172852349,0.0,0.0,0.0,0.0,0.0,0.0,0.0,0.0,0.0,0.0,0.0,0.0,0.0,0.0,0.0,0.0,0.0,0.0,0.0,0.17454344941099348,0.0,0.0,0.0,0.0,0.0,0.0,0.0,0.0,0.0,0.0,0.0,0.0,0.0,0.0,0.0,0.0,0.0,0.0,0.0,0.5204429333037716,0.0,0.0,0.0,0.0,0.0,0.0,0.0,0.0,0.0,0.0,0.0,0.0,0.0,0.0,0.0,0.0,0.0,0.0,0.0,0.0,0.0,0.0,0.0,0.0
ef853801-83be-4011-ba4d-6e2fe7153b05,0.0,0.0,0.0,0.0,0.0,0.0,0.0,0.0,0.3063357814778925,0.0,0.0,0.0,0.23080628845319986,0.0,0.0,0.0,0.0,0.0,0.0,0.0,0.0,0.0,0.0,0.0,0.0,0.0,0.0,0.0,0.0,0.0,0.0,0.0,0.0,0.07565249136503721,0.0,0.0,0.0,0.0,0.0,0.0,0.0,0.0,0.0,0.0,0.0,0.0,0.0,0.0,0.0,0.008906479108331922,0.0,0.0,0.0,0.37829895959553855,0.0,0.0,0.0,0.0,0.0,0.0,0.0,0.0,0.0,0.0,0.0,0.0,0.0,0.0,0.0,0.0,0.0,0.0,0.0,0.0,0.0,0.0,0.0,0.0
d1bf3b65-493e-4249-8cb3-7c9f8ce4dc48,0.0,0.0,0.0,0.0,0.041194427506954685,0.0,0.0,0.0,0.0,0.0,0.0,0.0,0.0,0.3368103738356629,0.0,0.0,0.0,0.0,0.0,0.0,0.0,0.0,0.0,0.0,0.0,0.0,0.0,0.0,0.0,0.0,0.0,0.0,0.0,0.16163688363009932,0.0,0.0,0.0,0.0,0.0,0.0,0.0,0.0,0.0,0.0,0.0,0.0,0.0,0.0,0.0,0.0,0.0,0.0,0.0,0.460358315027283,0.0,0.0,0.0,0.0,0.0,0.0,0.0,0.0,0.0,0.0,0.0,0.0,0.0,0.0,0.0,0.0,0.0,0.0,0.0,0.0,0.0,0.0,0.0,0.0
1a93dd15-f404-484c-b67c-98169d5522c7,0.0,0.0,0.0,0.0,0.0,0.0,0.0,0.0,0.06929677489628724,0.0,0.0,0.0,0.3562059944296389,0.21882788299551342,0.0,0.0,0.0,0.0,0.0,0.0,0.0,0.0,0.0,0.0,0.0,0.0,0.0,0.0,0.0,0.0,0.0,0.0,0.0,0.1417268180410942,0.0,0.0,0.0,0.0,0.007084180134565292,0.0,0.0,0.0,0.0,0.0,0.0,0.0,0.0,0.0,0.0,0.0,0.0,0.0,0.0,0.20685834950290088,0.0,0.0,0.0,0.0,0.0,0.0,0.0,0.0,0.0,0.0,0.0,0.0,0.0,0.0,0.0,0.0,0.0,0.0,0.0,0.0,0.0,0.0,0.0,0.0
42e2ed30-e08b-4d24-9e83-d1c3ecbd0fb4,0.0,0.0,0.0,0.0,0.013446460926444664,0.0,0.0,0.0,0.0,0.0,0.0,0.0,0.0,0.3131967483488983,0.0,0.0,0.0,0.0,0.0,0.0,0.0,0.0,0.0,0.0,0.0,0.0,0.0,0.0,0.0,0.0,0.0,0.0,0.0,0.21810096480340802,0.0,0.0,0.0,0.0,0.0,0.0,0.0,0.0,0.0,0.0,0.0,0.0,0.0,0.0,0.0,0.0,0.0,0.0,0.0,0.455255825921249,0.0,0.0,0.0,0.0,0.0,0.0,0.0,0.0,0.0,0.0,0.0,0.0,0.0,0.0,0.0,0.0,0.0,0.0,0.0,0.0,0.0,0.0,0.0,0.0
93ff9379-d1a1-412f-a776-c53397ba0dc3,0.0,0.0,0.0,0.0,0.09332337050688329,0.0,0.0,0.0,0.0,0.0,0.01775918644960345,0.0,0.0,0.2804618342445192,0.0,0.0,0.0,0.0,0.0,0.0,0.0,0.0,0.0,0.0,0.0,0.0,0.0,0.0,0.0,0.0,0.0,0.0,0.0,0.1469862294215557,0.0,0.0,0.0,0.0,0.0,0.0,0.0,0.0,0.0,0.0,0.0,0.0,0.0,0.0,0.0,0.0,0.0,0.0,0.0,0.46146937937743837,0.0,0.0,0.0,0.0,0.0,0.0,0.0,0.0,0.0,0.0,0.0,0.0,0.0,0.0,0.0,0.0,0.0,0.0,0.0,0.0,0.0,0.0,0.0,0.0
fff35c80-88cd-4923-80c1-0273ba5bed0f,0.0,0.0,0.0,0.0,0.06498675193440011,0.0,0.0,0.0,0.0,0.005166426628126064,0.016528422060189004,0.0,0.11057642428262902,0.2853343741278294,0.0,0.0,0.0,0.0,0.0,0.0,0.0,0.0,0.0,0.0,0.0,0.0,0.0,0.0,0.0,0.0,0.0,0.0,0.0,0.09978587770332903,0.0,0.0,0.0,0.0,0.0,0.0,0.0,0.0,0.0,0.0,0.0,0.0,0.0,0.0,0.0,0.0,0.0,0.0,0.0,0.4176217232634974,0.0,0.0,0.0,0.0,0.0,0.0,0.0,0.0,0.0,0.0,0.0,0.0,0.0,0.0,0.0,0.0,0.0,0.0,0.0,0.0,0.0,0.0,0.0,0.0
96b43e99-d81e-44d2-aac5-a6eb92727368,0.0,0.0,0.0,0.0,0.0,0.0,0.0,0.0,0.0,0.0,0.0,0.0,0.0,0.10212032224513398,0.0,0.0,0.0,0.0,0.0,0.0,0.0,0.0,0.0,0.0,0.0,0.0,0.0,0.07080509392841905,0.0,0.0,0.0,0.0,0.0,0.0,0.0,0.0,0.0,0.0,0.11531938377153361,0.0,0.0,0.0,0.0,0.0,0.2657143429203127,0.0,0.0,0.0,0.0,0.24280653938147215,0.0,0.0,0.0,0.2032343177531285,0.0,0.0,0.0,0.0,0.0,0.0,0.0,0.0,0.0,0.0,0.0,0.0,0.0,0.0,0.0,0.0,0.0,0.0,0.0,0.0,0.0,0.0,0.0,0.0
f3c7fc84-3df8-4ff7-a378-26ec5d9e08a5,0.0,0.0,0.0,0.0,0.030678083007538163,0.0,0.0,0.0,0.0,0.0,0.0,0.0,0.018659537416393028,0.2633153721111915,0.0,0.0,0.0,0.0,0.0,0.0,0.0,0.0,0.0,0.0,0.0,0.0,0.0,0.0,0.0,0.0,0.0,0.0,0.0,0.13661689876374228,0.0,0.0,0.0,0.0,0.0,0.0,0.0,0.0,0.0,0.0,0.0,0.0,0.0,0.0,0.0,0.0,0.0,0.0,0.0,0.550730108701135,0.0,0.0,0.0,0.0,0.0,0.0,0.0,0.0,0.0,0.0,0.0,0.0,0.0,0.0,0.0,0.0,0.0,0.0,0.0,0.0,0.0,0.0,0.0,0.0
80017c88-e07f-4bf6-ad00-87f3e5473d6d,0.0,0.0,0.0,0.0,0.05164115274818712,0.0,0.0,0.0,0.0,0.0,0.008654359089867234,0.0,0.0,0.35573048487953934,0.0,0.0,0.0,0.0,0.0,0.0,0.0,0.0,0.0,0.0,0.0,0.0,0.0,0.0,0.0,0.0,0.0,0.0,0.0,0.13607777507455973,0.0,0.0,0.0,0.0,0.0,0.0,0.0,0.0,0.0,0.0,0.0,0.0,0.0,0.0,0.0,0.0,0.0,0.0,0.0,0.4478962282078466,0.0,0.0,0.0,0.0,0.0,0.0,0.0,0.0,0.0,0.0,0.0,0.0,0.0,0.0,0.0,0.0,0.0,0.0,0.0,0.0,0.0,0.0,0.0,0.0
